CREATE TABLE IF NOT EXISTS "__EFMigrationsHistory" (
    "MigrationId" character varying(150) NOT NULL,
    "ProductVersion" character varying(32) NOT NULL,
    CONSTRAINT "PK___EFMigrationsHistory" PRIMARY KEY ("MigrationId")
);

START TRANSACTION;

CREATE TABLE "AspNetRoles" (
    "Id" text NOT NULL,
    "Name" character varying(256) NULL,
    "NormalizedName" character varying(256) NULL,
    "ConcurrencyStamp" text NULL,
    CONSTRAINT "PK_AspNetRoles" PRIMARY KEY ("Id")
);

CREATE TABLE "AspNetUsers" (
    "Id" text NOT NULL,
    "IsProspectiveStudent" boolean NOT NULL,
    "UserName" character varying(256) NULL,
    "NormalizedUserName" character varying(256) NULL,
    "Email" character varying(256) NULL,
    "NormalizedEmail" character varying(256) NULL,
    "EmailConfirmed" boolean NOT NULL,
    "PasswordHash" text NULL,
    "SecurityStamp" text NULL,
    "ConcurrencyStamp" text NULL,
    "PhoneNumber" text NULL,
    "PhoneNumberConfirmed" boolean NOT NULL,
    "TwoFactorEnabled" boolean NOT NULL,
    "LockoutEnd" timestamp with time zone NULL,
    "LockoutEnabled" boolean NOT NULL,
    "AccessFailedCount" integer NOT NULL,
    CONSTRAINT "PK_AspNetUsers" PRIMARY KEY ("Id")
);

CREATE TABLE "GeneralTests" (
    "GeneralTestId" integer GENERATED BY DEFAULT AS IDENTITY,
    "Type" integer NOT NULL,
    CONSTRAINT "PK_GeneralTests" PRIMARY KEY ("GeneralTestId")
);

CREATE TABLE "LikertScaleAnswers" (
    "LikertScaleAnswerId" integer GENERATED BY DEFAULT AS IDENTITY,
    "Option1" character varying(50) NOT NULL,
    "Option2" character varying(50) NOT NULL,
    "Option3" character varying(50) NOT NULL,
    "Option4" character varying(50) NOT NULL,
    "Option5" character varying(50) NOT NULL,
    CONSTRAINT "PK_LikertScaleAnswers" PRIMARY KEY ("LikertScaleAnswerId")
);

CREATE TABLE "MastersDegrees" (
    "MastersDegreeId" integer GENERATED BY DEFAULT AS IDENTITY,
    "Name" character varying(100) NOT NULL,
    CONSTRAINT "PK_MastersDegrees" PRIMARY KEY ("MastersDegreeId")
);

CREATE TABLE "Professions" (
    "ProfessionId" integer GENERATED BY DEFAULT AS IDENTITY,
    "Name" character varying(100) NOT NULL,
    CONSTRAINT "PK_Professions" PRIMARY KEY ("ProfessionId")
);

CREATE TABLE "Skills" (
    "SkillId" integer GENERATED BY DEFAULT AS IDENTITY,
    "Name" character varying(1000) NOT NULL,
    "Type" integer NOT NULL,
    CONSTRAINT "PK_Skills" PRIMARY KEY ("SkillId")
);

CREATE TABLE "Tracks" (
    "TrackId" integer GENERATED BY DEFAULT AS IDENTITY,
    "Name" character varying(100) NOT NULL,
    CONSTRAINT "PK_Tracks" PRIMARY KEY ("TrackId")
);

CREATE TABLE "AspNetRoleClaims" (
    "Id" integer GENERATED BY DEFAULT AS IDENTITY,
    "RoleId" text NOT NULL,
    "ClaimType" text NULL,
    "ClaimValue" text NULL,
    CONSTRAINT "PK_AspNetRoleClaims" PRIMARY KEY ("Id"),
    CONSTRAINT "FK_AspNetRoleClaims_AspNetRoles_RoleId" FOREIGN KEY ("RoleId") REFERENCES "AspNetRoles" ("Id") ON DELETE CASCADE
);

CREATE TABLE "AspNetUserClaims" (
    "Id" integer GENERATED BY DEFAULT AS IDENTITY,
    "UserId" text NOT NULL,
    "ClaimType" text NULL,
    "ClaimValue" text NULL,
    CONSTRAINT "PK_AspNetUserClaims" PRIMARY KEY ("Id"),
    CONSTRAINT "FK_AspNetUserClaims_AspNetUsers_UserId" FOREIGN KEY ("UserId") REFERENCES "AspNetUsers" ("Id") ON DELETE CASCADE
);

CREATE TABLE "AspNetUserLogins" (
    "LoginProvider" text NOT NULL,
    "ProviderKey" text NOT NULL,
    "ProviderDisplayName" text NULL,
    "UserId" text NOT NULL,
    CONSTRAINT "PK_AspNetUserLogins" PRIMARY KEY ("LoginProvider", "ProviderKey"),
    CONSTRAINT "FK_AspNetUserLogins_AspNetUsers_UserId" FOREIGN KEY ("UserId") REFERENCES "AspNetUsers" ("Id") ON DELETE CASCADE
);

CREATE TABLE "AspNetUserRoles" (
    "UserId" text NOT NULL,
    "RoleId" text NOT NULL,
    CONSTRAINT "PK_AspNetUserRoles" PRIMARY KEY ("UserId", "RoleId"),
    CONSTRAINT "FK_AspNetUserRoles_AspNetRoles_RoleId" FOREIGN KEY ("RoleId") REFERENCES "AspNetRoles" ("Id") ON DELETE CASCADE,
    CONSTRAINT "FK_AspNetUserRoles_AspNetUsers_UserId" FOREIGN KEY ("UserId") REFERENCES "AspNetUsers" ("Id") ON DELETE CASCADE
);

CREATE TABLE "AspNetUserTokens" (
    "UserId" text NOT NULL,
    "LoginProvider" text NOT NULL,
    "Name" text NOT NULL,
    "Value" text NULL,
    CONSTRAINT "PK_AspNetUserTokens" PRIMARY KEY ("UserId", "LoginProvider", "Name"),
    CONSTRAINT "FK_AspNetUserTokens_AspNetUsers_UserId" FOREIGN KEY ("UserId") REFERENCES "AspNetUsers" ("Id") ON DELETE CASCADE
);

CREATE TABLE "UsersTookGeneralTests" (
    "GeneralTestId" integer NOT NULL,
    "UserId" text NOT NULL,
    CONSTRAINT "PK_UsersTookGeneralTests" PRIMARY KEY ("GeneralTestId", "UserId"),
    CONSTRAINT "FK_UsersTookGeneralTests_AspNetUsers_UserId" FOREIGN KEY ("UserId") REFERENCES "AspNetUsers" ("Id") ON DELETE CASCADE,
    CONSTRAINT "FK_UsersTookGeneralTests_GeneralTests_GeneralTestId" FOREIGN KEY ("GeneralTestId") REFERENCES "GeneralTests" ("GeneralTestId") ON DELETE CASCADE
);

CREATE TABLE "Courses" (
    "CourseId" integer GENERATED BY DEFAULT AS IDENTITY,
    "Name" character varying(100) NOT NULL,
    "Description" text NOT NULL,
    "Semester" integer NOT NULL,
    "TrackId" integer NULL,
    CONSTRAINT "PK_Courses" PRIMARY KEY ("CourseId"),
    CONSTRAINT "FK_Courses_Tracks_TrackId" FOREIGN KEY ("TrackId") REFERENCES "Tracks" ("TrackId")
);

CREATE TABLE "TrackMastersDegrees" (
    "TrackId" integer NOT NULL,
    "MastersDegreeId" integer NOT NULL,
    CONSTRAINT "PK_TrackMastersDegrees" PRIMARY KEY ("TrackId", "MastersDegreeId"),
    CONSTRAINT "FK_TrackMastersDegrees_MastersDegrees_MastersDegreeId" FOREIGN KEY ("MastersDegreeId") REFERENCES "MastersDegrees" ("MastersDegreeId") ON DELETE CASCADE,
    CONSTRAINT "FK_TrackMastersDegrees_Tracks_TrackId" FOREIGN KEY ("TrackId") REFERENCES "Tracks" ("TrackId") ON DELETE CASCADE
);

CREATE TABLE "TrackProfessions" (
    "TrackId" integer NOT NULL,
    "ProfessionId" integer NOT NULL,
    CONSTRAINT "PK_TrackProfessions" PRIMARY KEY ("TrackId", "ProfessionId"),
    CONSTRAINT "FK_TrackProfessions_Professions_ProfessionId" FOREIGN KEY ("ProfessionId") REFERENCES "Professions" ("ProfessionId") ON DELETE CASCADE,
    CONSTRAINT "FK_TrackProfessions_Tracks_TrackId" FOREIGN KEY ("TrackId") REFERENCES "Tracks" ("TrackId") ON DELETE CASCADE
);

CREATE TABLE "UniversityStudents" (
    "UserId" text NOT NULL,
    "Semester" integer NULL,
    "IsGraduate" boolean NOT NULL,
    "TrackId" integer NULL,
    CONSTRAINT "PK_UniversityStudents" PRIMARY KEY ("UserId"),
    CONSTRAINT "FK_UniversityStudents_AspNetUsers_UserId" FOREIGN KEY ("UserId") REFERENCES "AspNetUsers" ("Id") ON DELETE CASCADE,
    CONSTRAINT "FK_UniversityStudents_Tracks_TrackId" FOREIGN KEY ("TrackId") REFERENCES "Tracks" ("TrackId")
);

CREATE TABLE "UniversityTests" (
    "UniversityTestId" integer GENERATED BY DEFAULT AS IDENTITY,
    "Semester" integer NULL,
    "Year" integer NOT NULL,
    "IsRevision" boolean NOT NULL,
    "TrackId" integer NULL,
    CONSTRAINT "PK_UniversityTests" PRIMARY KEY ("UniversityTestId"),
    CONSTRAINT "FK_UniversityTests_Tracks_TrackId" FOREIGN KEY ("TrackId") REFERENCES "Tracks" ("TrackId")
);

CREATE TABLE "CourseSkills" (
    "CourseId" integer NOT NULL,
    "SkillId" integer NOT NULL,
    CONSTRAINT "PK_CourseSkills" PRIMARY KEY ("CourseId", "SkillId"),
    CONSTRAINT "FK_CourseSkills_Courses_CourseId" FOREIGN KEY ("CourseId") REFERENCES "Courses" ("CourseId") ON DELETE CASCADE,
    CONSTRAINT "FK_CourseSkills_Skills_SkillId" FOREIGN KEY ("SkillId") REFERENCES "Skills" ("SkillId") ON DELETE CASCADE
);

CREATE TABLE "UserCourseGrade" (
    "CourseId" integer NOT NULL,
    "UserId" text NOT NULL,
    "Value" real NOT NULL,
    CONSTRAINT "PK_UserCourseGrade" PRIMARY KEY ("CourseId", "UserId"),
    CONSTRAINT "FK_UserCourseGrade_AspNetUsers_UserId" FOREIGN KEY ("UserId") REFERENCES "AspNetUsers" ("Id") ON DELETE CASCADE,
    CONSTRAINT "FK_UserCourseGrade_Courses_CourseId" FOREIGN KEY ("CourseId") REFERENCES "Courses" ("CourseId") ON DELETE CASCADE
);

CREATE TABLE "UserCourseStatistics" (
    "CourseId" integer NOT NULL,
    "UserId" text NOT NULL,
    "AccessCount" integer NOT NULL,
    CONSTRAINT "PK_UserCourseStatistics" PRIMARY KEY ("CourseId", "UserId"),
    CONSTRAINT "FK_UserCourseStatistics_AspNetUsers_UserId" FOREIGN KEY ("UserId") REFERENCES "AspNetUsers" ("Id") ON DELETE CASCADE,
    CONSTRAINT "FK_UserCourseStatistics_Courses_CourseId" FOREIGN KEY ("CourseId") REFERENCES "Courses" ("CourseId") ON DELETE CASCADE
);

CREATE TABLE "Questions" (
    "QuestionId" integer GENERATED BY DEFAULT AS IDENTITY,
    "Text" text NOT NULL,
    "Type" integer NOT NULL,
    "GeneralTestId" integer NULL,
    "UniversityTestId" integer NULL,
    CONSTRAINT "PK_Questions" PRIMARY KEY ("QuestionId"),
    CONSTRAINT "FK_Questions_GeneralTests_GeneralTestId" FOREIGN KEY ("GeneralTestId") REFERENCES "GeneralTests" ("GeneralTestId"),
    CONSTRAINT "FK_Questions_UniversityTests_UniversityTestId" FOREIGN KEY ("UniversityTestId") REFERENCES "UniversityTests" ("UniversityTestId")
);

CREATE TABLE "StudentsTookUniversityTests" (
    "UniversityTestId" integer NOT NULL,
    "UserId" text NOT NULL,
    CONSTRAINT "PK_StudentsTookUniversityTests" PRIMARY KEY ("UniversityTestId", "UserId"),
    CONSTRAINT "FK_StudentsTookUniversityTests_AspNetUsers_UserId" FOREIGN KEY ("UserId") REFERENCES "AspNetUsers" ("Id") ON DELETE CASCADE,
    CONSTRAINT "FK_StudentsTookUniversityTests_UniversityTests_UniversityTestId" FOREIGN KEY ("UniversityTestId") REFERENCES "UniversityTests" ("UniversityTestId") ON DELETE CASCADE
);

CREATE TABLE "MultipleChoiceAnswers" (
    "MultipleChoiceAnswerId" integer GENERATED BY DEFAULT AS IDENTITY,
    "Text" character varying(100) NOT NULL,
    "IsCorrect" boolean NOT NULL,
    "QuestionId" integer NOT NULL,
    CONSTRAINT "PK_MultipleChoiceAnswers" PRIMARY KEY ("MultipleChoiceAnswerId"),
    CONSTRAINT "FK_MultipleChoiceAnswers_Questions_QuestionId" FOREIGN KEY ("QuestionId") REFERENCES "Questions" ("QuestionId") ON DELETE CASCADE
);

CREATE TABLE "QuestionLikertScaleAnswers" (
    "QuestionId" integer NOT NULL,
    "LikertScaleAnswersId" integer NOT NULL,
    CONSTRAINT "PK_QuestionLikertScaleAnswers" PRIMARY KEY ("QuestionId", "LikertScaleAnswersId"),
    CONSTRAINT "FK_QuestionLikertScaleAnswers_LikertScaleAnswers_LikertScaleAn~" FOREIGN KEY ("LikertScaleAnswersId") REFERENCES "LikertScaleAnswers" ("LikertScaleAnswerId") ON DELETE CASCADE,
    CONSTRAINT "FK_QuestionLikertScaleAnswers_Questions_QuestionId" FOREIGN KEY ("QuestionId") REFERENCES "Questions" ("QuestionId") ON DELETE CASCADE
);

CREATE TABLE "QuestionsMastersDegrees" (
    "QuestionId" integer NOT NULL,
    "MastersDegreeId" integer NOT NULL,
    CONSTRAINT "PK_QuestionsMastersDegrees" PRIMARY KEY ("QuestionId", "MastersDegreeId"),
    CONSTRAINT "FK_QuestionsMastersDegrees_MastersDegrees_MastersDegreeId" FOREIGN KEY ("MastersDegreeId") REFERENCES "MastersDegrees" ("MastersDegreeId") ON DELETE CASCADE,
    CONSTRAINT "FK_QuestionsMastersDegrees_Questions_QuestionId" FOREIGN KEY ("QuestionId") REFERENCES "Questions" ("QuestionId") ON DELETE CASCADE
);

CREATE TABLE "QuestionsProfessions" (
    "QuestionId" integer NOT NULL,
    "ProfessionId" integer NOT NULL,
    CONSTRAINT "PK_QuestionsProfessions" PRIMARY KEY ("QuestionId", "ProfessionId"),
    CONSTRAINT "FK_QuestionsProfessions_Professions_ProfessionId" FOREIGN KEY ("ProfessionId") REFERENCES "Professions" ("ProfessionId") ON DELETE CASCADE,
    CONSTRAINT "FK_QuestionsProfessions_Questions_QuestionId" FOREIGN KEY ("QuestionId") REFERENCES "Questions" ("QuestionId") ON DELETE CASCADE
);

CREATE TABLE "QuestionsTracks" (
    "QuestionId" integer NOT NULL,
    "TrackId" integer NOT NULL,
    CONSTRAINT "PK_QuestionsTracks" PRIMARY KEY ("QuestionId", "TrackId"),
    CONSTRAINT "FK_QuestionsTracks_Questions_QuestionId" FOREIGN KEY ("QuestionId") REFERENCES "Questions" ("QuestionId") ON DELETE CASCADE,
    CONSTRAINT "FK_QuestionsTracks_Tracks_TrackId" FOREIGN KEY ("TrackId") REFERENCES "Tracks" ("TrackId") ON DELETE CASCADE
);

CREATE TABLE "TrueFalseAnswers" (
    "QuestionId" integer NOT NULL,
    "Value" boolean NOT NULL,
    CONSTRAINT "PK_TrueFalseAnswers" PRIMARY KEY ("QuestionId"),
    CONSTRAINT "FK_TrueFalseAnswers_Questions_QuestionId" FOREIGN KEY ("QuestionId") REFERENCES "Questions" ("QuestionId") ON DELETE CASCADE
);

CREATE TABLE "UserLikertScaleAnswers" (
    "QuestionId" integer NOT NULL,
    "UserId" text NOT NULL,
    "Value" integer NOT NULL,
    CONSTRAINT "PK_UserLikertScaleAnswers" PRIMARY KEY ("QuestionId", "UserId"),
    CONSTRAINT "FK_UserLikertScaleAnswers_AspNetUsers_UserId" FOREIGN KEY ("UserId") REFERENCES "AspNetUsers" ("Id") ON DELETE CASCADE,
    CONSTRAINT "FK_UserLikertScaleAnswers_Questions_QuestionId" FOREIGN KEY ("QuestionId") REFERENCES "Questions" ("QuestionId") ON DELETE CASCADE
);

CREATE TABLE "UserMultipleChoiceAnswers" (
    "QuestionId" integer NOT NULL,
    "UserId" text NOT NULL,
    CONSTRAINT "PK_UserMultipleChoiceAnswers" PRIMARY KEY ("QuestionId", "UserId"),
    CONSTRAINT "FK_UserMultipleChoiceAnswers_AspNetUsers_UserId" FOREIGN KEY ("UserId") REFERENCES "AspNetUsers" ("Id") ON DELETE CASCADE,
    CONSTRAINT "FK_UserMultipleChoiceAnswers_MultipleChoiceAnswers_QuestionId" FOREIGN KEY ("QuestionId") REFERENCES "MultipleChoiceAnswers" ("MultipleChoiceAnswerId") ON DELETE CASCADE
);

CREATE TABLE "UserTrueFalseAnswers" (
    "QuestionId" integer NOT NULL,
    "UserId" text NOT NULL,
    CONSTRAINT "PK_UserTrueFalseAnswers" PRIMARY KEY ("QuestionId", "UserId"),
    CONSTRAINT "FK_UserTrueFalseAnswers_AspNetUsers_UserId" FOREIGN KEY ("UserId") REFERENCES "AspNetUsers" ("Id") ON DELETE CASCADE,
    CONSTRAINT "FK_UserTrueFalseAnswers_TrueFalseAnswers_QuestionId" FOREIGN KEY ("QuestionId") REFERENCES "TrueFalseAnswers" ("QuestionId") ON DELETE CASCADE
);

CREATE INDEX "IX_AspNetRoleClaims_RoleId" ON "AspNetRoleClaims" ("RoleId");

CREATE UNIQUE INDEX "RoleNameIndex" ON "AspNetRoles" ("NormalizedName");

CREATE INDEX "IX_AspNetUserClaims_UserId" ON "AspNetUserClaims" ("UserId");

CREATE INDEX "IX_AspNetUserLogins_UserId" ON "AspNetUserLogins" ("UserId");

CREATE INDEX "IX_AspNetUserRoles_RoleId" ON "AspNetUserRoles" ("RoleId");

CREATE INDEX "EmailIndex" ON "AspNetUsers" ("NormalizedEmail");

CREATE UNIQUE INDEX "UserNameIndex" ON "AspNetUsers" ("NormalizedUserName");

CREATE INDEX "IX_Courses_TrackId" ON "Courses" ("TrackId");

CREATE INDEX "IX_CourseSkills_SkillId" ON "CourseSkills" ("SkillId");

CREATE INDEX "IX_MultipleChoiceAnswers_QuestionId" ON "MultipleChoiceAnswers" ("QuestionId");

CREATE INDEX "IX_QuestionLikertScaleAnswers_LikertScaleAnswersId" ON "QuestionLikertScaleAnswers" ("LikertScaleAnswersId");

CREATE INDEX "IX_Questions_GeneralTestId" ON "Questions" ("GeneralTestId");

CREATE INDEX "IX_Questions_UniversityTestId" ON "Questions" ("UniversityTestId");

CREATE INDEX "IX_QuestionsMastersDegrees_MastersDegreeId" ON "QuestionsMastersDegrees" ("MastersDegreeId");

CREATE INDEX "IX_QuestionsProfessions_ProfessionId" ON "QuestionsProfessions" ("ProfessionId");

CREATE INDEX "IX_QuestionsTracks_TrackId" ON "QuestionsTracks" ("TrackId");

CREATE INDEX "IX_StudentsTookUniversityTests_UserId" ON "StudentsTookUniversityTests" ("UserId");

CREATE INDEX "IX_TrackMastersDegrees_MastersDegreeId" ON "TrackMastersDegrees" ("MastersDegreeId");

CREATE INDEX "IX_TrackProfessions_ProfessionId" ON "TrackProfessions" ("ProfessionId");

CREATE INDEX "IX_UniversityStudents_TrackId" ON "UniversityStudents" ("TrackId");

CREATE INDEX "IX_UniversityTests_TrackId" ON "UniversityTests" ("TrackId");

CREATE INDEX "IX_UserCourseGrade_UserId" ON "UserCourseGrade" ("UserId");

CREATE INDEX "IX_UserCourseStatistics_UserId" ON "UserCourseStatistics" ("UserId");

CREATE INDEX "IX_UserLikertScaleAnswers_UserId" ON "UserLikertScaleAnswers" ("UserId");

CREATE INDEX "IX_UserMultipleChoiceAnswers_UserId" ON "UserMultipleChoiceAnswers" ("UserId");

CREATE INDEX "IX_UsersTookGeneralTests_UserId" ON "UsersTookGeneralTests" ("UserId");

CREATE INDEX "IX_UserTrueFalseAnswers_UserId" ON "UserTrueFalseAnswers" ("UserId");

INSERT INTO "__EFMigrationsHistory" ("MigrationId", "ProductVersion")
VALUES ('20230628114302_Initial', '7.0.8');

COMMIT;

START TRANSACTION;

ALTER TABLE "MastersDegrees" ALTER COLUMN "Name" TYPE character varying(1000);

INSERT INTO "__EFMigrationsHistory" ("MigrationId", "ProductVersion")
VALUES ('20230629133103_IncreaseMastersDegreeNameSize', '7.0.8');

COMMIT;

START TRANSACTION;

ALTER TABLE "UserMultipleChoiceAnswers" DROP CONSTRAINT "FK_UserMultipleChoiceAnswers_MultipleChoiceAnswers_QuestionId";

ALTER TABLE "UserMultipleChoiceAnswers" DROP CONSTRAINT "PK_UserMultipleChoiceAnswers";

ALTER TABLE "UserTrueFalseAnswers" ADD "Value" boolean NOT NULL DEFAULT FALSE;

ALTER TABLE "UserMultipleChoiceAnswers" ADD "MultipleChoiceAnswerId" integer NOT NULL DEFAULT 0;

ALTER TABLE "UserMultipleChoiceAnswers" ADD CONSTRAINT "PK_UserMultipleChoiceAnswers" PRIMARY KEY ("QuestionId", "UserId", "MultipleChoiceAnswerId");

CREATE INDEX "IX_UserMultipleChoiceAnswers_MultipleChoiceAnswerId" ON "UserMultipleChoiceAnswers" ("MultipleChoiceAnswerId");

ALTER TABLE "UserMultipleChoiceAnswers" ADD CONSTRAINT "FK_UserMultipleChoiceAnswers_MultipleChoiceAnswers_MultipleCho~" FOREIGN KEY ("MultipleChoiceAnswerId") REFERENCES "MultipleChoiceAnswers" ("MultipleChoiceAnswerId") ON DELETE CASCADE;

ALTER TABLE "UserMultipleChoiceAnswers" ADD CONSTRAINT "FK_UserMultipleChoiceAnswers_Questions_QuestionId" FOREIGN KEY ("QuestionId") REFERENCES "Questions" ("QuestionId") ON DELETE CASCADE;

INSERT INTO "__EFMigrationsHistory" ("MigrationId", "ProductVersion")
VALUES ('20230630152312_FixUserAnswersTables', '7.0.8');

COMMIT;

START TRANSACTION;

ALTER TABLE "UserCourseGrade" DROP CONSTRAINT "FK_UserCourseGrade_AspNetUsers_UserId";

ALTER TABLE "UserCourseGrade" DROP CONSTRAINT "FK_UserCourseGrade_Courses_CourseId";

ALTER TABLE "UserCourseGrade" DROP CONSTRAINT "PK_UserCourseGrade";

DROP INDEX "IX_UserCourseGrade_UserId";

ALTER TABLE "UserCourseGrade" RENAME TO "UserCourseGrades";

ALTER TABLE "UserCourseGrades" ADD CONSTRAINT "PK_UserCourseGrades" PRIMARY KEY ("UserId", "CourseId");

CREATE INDEX "IX_UserCourseGrades_CourseId" ON "UserCourseGrades" ("CourseId");

ALTER TABLE "UserCourseGrades" ADD CONSTRAINT "FK_UserCourseGrades_AspNetUsers_UserId" FOREIGN KEY ("UserId") REFERENCES "AspNetUsers" ("Id") ON DELETE CASCADE;

ALTER TABLE "UserCourseGrades" ADD CONSTRAINT "FK_UserCourseGrades_Courses_CourseId" FOREIGN KEY ("CourseId") REFERENCES "Courses" ("CourseId") ON DELETE CASCADE;

INSERT INTO "__EFMigrationsHistory" ("MigrationId", "ProductVersion")
VALUES ('20230630213255_AddUserCourseGradeConfig', '7.0.8');

COMMIT;

START TRANSACTION;

CREATE TABLE "Statistics" (
    "StatisticsId" integer GENERATED BY DEFAULT AS IDENTITY,
    "Semester" integer NOT NULL,
    "Type" integer NOT NULL,
    "UserId" text NOT NULL,
    CONSTRAINT "PK_Statistics" PRIMARY KEY ("StatisticsId"),
    CONSTRAINT "FK_Statistics_AspNetUsers_UserId" FOREIGN KEY ("UserId") REFERENCES "AspNetUsers" ("Id") ON DELETE CASCADE
);

CREATE UNIQUE INDEX "IX_Statistics_UserId" ON "Statistics" ("UserId");

INSERT INTO "__EFMigrationsHistory" ("MigrationId", "ProductVersion")
VALUES ('20230702123653_AddStatistics', '7.0.8');

COMMIT;

START TRANSACTION;

ALTER TABLE "Statistics" ADD "AccessCount" integer NOT NULL DEFAULT 0;

ALTER TABLE "LikertScaleAnswers" ALTER COLUMN "Option5" TYPE character varying(500);

ALTER TABLE "LikertScaleAnswers" ALTER COLUMN "Option4" TYPE character varying(500);

ALTER TABLE "LikertScaleAnswers" ALTER COLUMN "Option3" TYPE character varying(500);

ALTER TABLE "LikertScaleAnswers" ALTER COLUMN "Option2" TYPE character varying(500);

ALTER TABLE "LikertScaleAnswers" ALTER COLUMN "Option1" TYPE character varying(500);

INSERT INTO "__EFMigrationsHistory" ("MigrationId", "ProductVersion")
VALUES ('20230702132459_IncreaseLikertScaleOptionsMaxLength', '7.0.8');

COMMIT;

START TRANSACTION;

ALTER TABLE "MultipleChoiceAnswers" ALTER COLUMN "Text" TYPE character varying(1000);

INSERT INTO "__EFMigrationsHistory" ("MigrationId", "ProductVersion")
VALUES ('20230702132828_IncreaseMultipleChoiceAnswerMaxLength', '7.0.8');

COMMIT;

START TRANSACTION;

DROP INDEX "IX_Statistics_UserId";

CREATE INDEX "IX_Statistics_UserId" ON "Statistics" ("UserId");

INSERT INTO "__EFMigrationsHistory" ("MigrationId", "ProductVersion")
VALUES ('20230703164857_FixStatisticsUserRelations', '7.0.8');

COMMIT;

START TRANSACTION;

ALTER TABLE "UserTrueFalseAnswers" DROP CONSTRAINT "FK_UserTrueFalseAnswers_TrueFalseAnswers_QuestionId";

ALTER TABLE "TrueFalseAnswers" DROP CONSTRAINT "PK_TrueFalseAnswers";

ALTER TABLE "TrueFalseAnswers" ADD "TrueFalseAnswerId" integer GENERATED BY DEFAULT AS IDENTITY;

ALTER TABLE "TrueFalseAnswers" ADD CONSTRAINT "PK_TrueFalseAnswers" PRIMARY KEY ("TrueFalseAnswerId");

CREATE UNIQUE INDEX "IX_TrueFalseAnswers_QuestionId" ON "TrueFalseAnswers" ("QuestionId");

ALTER TABLE "UserTrueFalseAnswers" ADD CONSTRAINT "FK_UserTrueFalseAnswers_Questions_QuestionId" FOREIGN KEY ("QuestionId") REFERENCES "Questions" ("QuestionId") ON DELETE CASCADE;

INSERT INTO "__EFMigrationsHistory" ("MigrationId", "ProductVersion")
VALUES ('20230704172754_FixUserAnswersRelations', '7.0.8');

COMMIT;

START TRANSACTION;

INSERT INTO "AspNetRoles" ("Id", "ConcurrencyStamp", "Name", "NormalizedName")
VALUES ('321b1cf1-d81a-4023-8956-276fb8f3bf14', '497ebf29-66af-4324-8aed-e8341dcc8fb3', 'Student', 'STUDENT');
INSERT INTO "AspNetRoles" ("Id", "ConcurrencyStamp", "Name", "NormalizedName")
VALUES ('8ae02ec7-7aeb-405f-80b7-8281f4350fc5', '7fa0c3a0-6dcd-44c0-9aa3-37cee2ad2003', 'ProspectiveStudent', 'PROSPECTIVESTUDENT');
INSERT INTO "AspNetRoles" ("Id", "ConcurrencyStamp", "Name", "NormalizedName")
VALUES ('ce34b2ed-da7f-4482-b124-d32a759cb77c', 'ceabcd5a-2fc8-4cb5-943e-e316bdb54287', 'GraduateStudent', 'GRADUATESTUDENT');

INSERT INTO "Courses" ("CourseId", "Description", "Name", "Semester", "TrackId")
VALUES (1, 'Το μάθημα "Λογική Σχεδίαση Ψηφιακών Συστημάτων" εξετάζει τη σχεδίαση και λειτουργία των ψηφιακών συστημάτων. Καλύπτει θέματα όπως το δυαδικό σύστημα αρίθμησης, άλγεβρα Boole και εφαρμογές της, αριθμητικά κυκλώματα, σύγχρονα ακολουθιακά κυκλώματα , μηχα-νές καταστάσεων, μονάδες μνήμης, ψηφιακά ολοκληρωμένα κυκλώματα, προσομοίωση κυκλωμάτων και γλώσσες περιγραφής υλικού.', 'ΛΟΓΙΚΗ ΣΧΕΔΙΑΣΗ ΨΗΦΙΑΚΩΝ ΣΥΣΤΗΜΑΤΩΝ', 1, NULL);
INSERT INTO "Courses" ("CourseId", "Description", "Name", "Semester", "TrackId")
VALUES (2, 'Το μάθημα "Μαθηματικά των υπολογιστών" παρέχει μια εισαγωγή στη θεωρία συνόλων και βασικών αρχών των μαθηματικών, όπως η μαθηματική επαγωγή, αρχή εγκλεισμού – αποκλεισμού, αρχή του Περιστερεώνα και αρχή της διαγωνιοποίησης. Περιλαμβάνει, επίσης, τη μα-θηματική λογική, την άλγεβρα Boole, τη συνδυαστική ανάλυση, τις διαφορές και τα αθροίσματα, καθώς και στοιχεία της θεωρίας αριθμών.', 'ΜΑΘΗΜΑΤΙΚΑ ΤΩΝ ΥΠΟΛΟΓΙΣΤΩΝ', 1, NULL);
INSERT INTO "Courses" ("CourseId", "Description", "Name", "Semester", "TrackId")
VALUES (3, 'Στο μάθημα αυτό περιγράφονται με εισαγωγικό, αλλά πλήρη, τρόπο οι τεχνολογίες και τα πρωτόκολλα πάνω στα οποία στηρίζονται το Διαδίκτυο και ο Παγκόσμιος Ιστός και αναλύονται με περισσότερη λεπτομέρεια η ανάπτυξη εφαρμογών με τη χρήση συγκεκριμένων εργαλεί-ων/γλωσσών, οι οποίες εκτελούνται στην πλευρά του πελάτη ή/και στην πλευρά του εξυπηρετητή. Μερικές από τις έννοιες οι οποίες αντιμετωπίζονται είναι: στοίβα πρωτοκόλλων TCP/IP, επίπεδο μεταφοράς και διαδικτύου, HTML5, CSS3, Javascript, jQuery, κλήση AJAX, PHP nodejs, XML και JSON.', 'ΤΕΧΝΟΛΟΓΙΕΣ ΔΙΑΔΙΚΤΥΟΥ', 1, NULL);
INSERT INTO "Courses" ("CourseId", "Description", "Name", "Semester", "TrackId")
VALUES (4, 'Το μάθημα "Εισαγωγή στην Επιστήμη των Υπολογιστών" προσφέρει μια εισαγωγή στις βασικές αρχές και τις έννοιες της επιστήμης των υπολογιστών. Περιλαμβάνει θέματα όπως η αναπαράσταση και κωδικοποίηση δεδομένων, η άλγεβρα Boole, αλγορίθμους, βασικές αρχές των λειτουργικών συστημάτων, γλώσσες προγραμματισμού, δομές δεδομένων, σφάλματα και εξαι-ρέσεις, καθώς και συλλογή δεδομένων από το διαδίκτυο. Αυτά τα θέματα παρέχουν τις βασικές γνώσεις και τις δεξιότητες που απαιτούνται για την κατανόηση και την ανάπτυξη υπολογιστικών συστημάτων και λογισμικού.', 'ΕΙΣΑΓΩΓΗ ΣΤΗΝ ΕΠΙΣΤΗΜΗ ΤΩΝ ΥΠΟΛΟΓΙΣΤΩΝ', 1, NULL);
INSERT INTO "Courses" ("CourseId", "Description", "Name", "Semester", "TrackId")
VALUES (5, 'Το μάθημα "Διακριτά Μαθηματικά" παρέχει μια εισαγωγή σε διάφορα θέματα των διακριτών μαθηματικών. Οι κύριοι τομείς που καλύπτονται είναι η θεωρία γραφημάτων και οι εφαρμογές της στους αλγόριθμους, οι γεννήτριες συναρτήσεις, οι αναγωγικές εξισώσεις, οι ασυμπτωτικές εκτιμήσεις, οι γλώσσες και αυτόματα. ', 'ΔΙΑΚΡΙΤΑ ΜΑΘΗΜΑΤΙΚΑ', 1, NULL);
INSERT INTO "Courses" ("CourseId", "Description", "Name", "Semester", "TrackId")
VALUES (6, 'Το αντικείμενο του μαθήματος είναι η μελέτη των βασικών δομών δεδομένων που χρησιμοποιούνται στην ανάπτυξη αλγορίθμων. Έμφαση δίνεται στο χρόνο εκτέλεσης των βασικών λειτουργιών των δομών δεδομένων και στον αναλυτικό προσδιορισμό του πλήθους των βασικών εντολών που απαιτούνται για την ολοκλήρωσή τους. Συγκεκριμένα, παρουσιάζονται οι δομές του πίνακα, της διασυνδεδεμένης λίστας, της στοίβας, της ουράς, του σωρού, των δυαδικών δέντρων αναζήτησης. Επίσης, παρουσιάζονται η τεχνική του κατακερματισμού (hashing), τα ισοζυγισμένα δέντρα αναζήτησης (AVL, Red-Black και Β-δέντρα) καθώς και βασικοί αλγόριθμοι ταξινόμησης', 'ΔΟΜΕΣ ΔΕΔΟΜΕΝΩΝ', 2, NULL);
INSERT INTO "Courses" ("CourseId", "Description", "Name", "Semester", "TrackId")
VALUES (7, 'ΤΑντικείμενο του μαθήματος είναι η εισαγωγή στον αντικειμενοστρεφή προγραμματισμό με πλήρη ανάλυση της γλώσσας προγραμματισμού JAVA. Καλύπτει βασικές αρχές τις όπως βασι-κές δομές, κληρονομικότητα, πολυμορφισμός, ενθυλάκωση, ειδικές κλάσεις, εξαιρέσεις, ειδικά θέματα, βιβλιοθήκες, διαπροσωπίες, προσπέλαση αρχείων, access modifiers, non-access modifiers. (hashing), τα ισοζυγισμένα δέντρα αναζήτησης (AVL, Red-Black και Β-δέντρα) καθώς και αλγόριθμοι ταξινόμησης.', 'ΑΝΤΙΚΕΙΜΕΝΟΣΤΡΕΦΗΣ ΠΡΟΓΡΑΜΜΑΤΙΣΜΟΣ', 2, NULL);
INSERT INTO "Courses" ("CourseId", "Description", "Name", "Semester", "TrackId")
VALUES (8, 'Το μάθημα "Αρχιτεκτονική Υπολογιστών" εστιάζει στην οργάνωση, τη σχεδίαση και την τεχνο-λογία των υπολογιστών. Παρουσιάζει την αρχιτεκτονική συνόλου εντολών, περιλαμβάνοντας τους καταχωρητές, τις εντολές και τους τρόπους διευθυνσιοδότησης. Επίσης, μελετά τη γλώσ-σα μηχανής, τη συμβολική γλώσσα (Assembly) και τους συμβολομεταφραστές (Assemblers). Τέλος, στο μάθημα αναλύονται οι αριθμητικές πτυχές των υπολογιστών, όπως η αναπαράστα-ση ακεραίων αριθμών και αριθμών κινητής υποδιαστολής.', 'ΑΡΧΙΤΕΚΤΟΝΙΚΗ ΥΠΟΛΟΓΙΣΤΩΝ', 2, NULL);
INSERT INTO "Courses" ("CourseId", "Description", "Name", "Semester", "TrackId")
VALUES (9, 'Το μάθημα εντάσσεται στο επιστημονικό πεδίο της επιχειρησιακής έρευνας. Αναφέρεται σε μία από τις βασικές τεχνικές βελτιστοποίησης της επιχειρηματικής έρευνας, τον γραμμικό προγραμματισμό, ο οποίος προσφέρει την μεθοδολογική προσέγγιση και το πλαίσιο επίλυσης πολ-λών προβλημάτων της οργάνωσης και της διοίκησης.', 'ΜΑΘΗΜΑΤΙΚΟΣ ΠΡΟΓΡΑΜΜΑΤΙΣΜΟΣ', 3, NULL);
INSERT INTO "Courses" ("CourseId", "Description", "Name", "Semester", "TrackId")
VALUES (10, 'Το αντικείμενο του μαθήματος είναι η ανάπτυξη εφαρμογών αντικειμενοστρεφούς μοντέλου ανάπτυξης λογισμικού. Στο πλαίσιο του μαθήματος δίνεται ιδιαίτερη έμφαση στα εργαλεία α-νάπτυξης εφαρμογών, ολοκληρωμένα περιβάλλοντα ανάπτυξης (IDEs). Με τη χρήση του Visual Studio και της C# ως γλώσσας προγραμματισμού, οι φοιτητές μαθαίνουν να αναπτύσσουν desktop, web, ή/και mobile εφαρμογές, γρήγορα, αποδοτικά και κυρίως με την όσο το δυνατόν μικρότερη πιθανότητα να κάνουν λάθη προγραμματισμού ή/και λογικής', 'ΑΝΤΙΚΕΙΜΕΝΟΣΤΡΕΦΗΣ ΑΝΑΠΤΥΞΗ ΕΦΑΡΜΟΓΩΝ', 3, NULL);
INSERT INTO "Courses" ("CourseId", "Description", "Name", "Semester", "TrackId")
VALUES (11, 'Βασικές έννοιες και αρχές Λειτουργικών Συστημάτων. Αρχιτεκτονική, δομή και κατηγοριοποίηση Λειτουργικών Συστημάτων. Διεργασίες, Νήματα. Δια-διεργασιακή επικοι-νωνία. Χρονοδρομολόγηση της CPU. Σύστημα μνήμης. Διαχείριση μνήμης. Εικονική Μνήμη. Σελιδοποίηση. Αλγόριθμοι διαχείρισης μνήμης. Διαχείριση Αρχείων και καταλόγων. Συστήματα Αρχείων. Είσοδος/Έξοδος. Αδιέξοδα.', 'ΛΕΙΤΟΥΡΓΙΚΑ ΣΥΣΤΗΜΑΤΑ', 3, NULL);
INSERT INTO "Courses" ("CourseId", "Description", "Name", "Semester", "TrackId")
VALUES (12, 'Το μάθημα ασχολείται με τη Θεωρία των Γλωσσών, την κατασκευή αυτομάτων αναγνώρισης λεκτικών μονάδων, αλλά και επιμέρους τμήματα, που αποτελούν τη βάση της δημιουργίας ε-νός μεταγλωττιστή (compiler) μιας γλώσσας προγραμματισμού, την Αναζήτηση, ανάλυση και σύνθεση δεδομένων και πληροφοριών, με τη χρήση και των απαραίτητων τεχνολογιών.', 'ΜΕΤΑΓΛΩΤΤΙΣΤΕΣ', 3, NULL);
INSERT INTO "Courses" ("CourseId", "Description", "Name", "Semester", "TrackId")
VALUES (13, 'Το μάθημα "Πιθανότητες και Στατιστική" παρουσιάζει μια εισαγωγή στις βασικές έννοιες και μεθόδους της πιθανότητας και της στατιστικής. Οι φοιτητές μελετούν πειράματα τύχης, δειγματοχώρους και γεγονότα, και εξετάζουν την αξιωματική θεμελίωση της πιθανότητας. Επίσης, αναλύονται οι πιθανότητες ένωσης γεγονότων, η δεσμευμένη πιθανότητα και η α-νεξαρτησία. Το μάθημα καλύπτει επίσης τις τυχαίες μεταβλητές, τις συναρτήσεις κατανο-μής και πυκνότητας πιθανότητας και τις πολυδιάστατες τυχαίες μεταβλητές. Τέλος, πραγματοποιείται εισαγωγή στην περιγραφική στατιστική, τη στατιστική συμπερασματολογία και τους έλεγχους στατιστικών υποθέσεων.', 'ΠΙΘΑΝΟΤΗΤΕΣ ΚΑΙ ΣΤΑΤΙΣΤΙΚΗ', 3, NULL);
INSERT INTO "Courses" ("CourseId", "Description", "Name", "Semester", "TrackId")
VALUES (14, 'Το μάθημα "Δίκτυα Υπολογιστών" εστιάζει στην ανάλυση και επεξήγηση των βασικών έννοιων, αρχών και πρωτοκόλλων που αφορούν στη δικτύωση. Με έμφαση στα πρωτόκολλα του Διαδικτύου, περι-γράφονται θέματα όπως οι διάφοροι τύποι δικτύων (μεταγωγής, διαδικτύων), η σχεδίαση των δικτύ-ων, η μετάδοση πληροφορίας, οι αλγόριθμοι προσπέλασης σε κοινό μέσο, οι τεχνολογίες μεταγωγής, η διαδικασία δρομολόγησης, η επικοινωνία από άκρο σε άκρο, οι ασύρματες επικοινωνίες και η επίδοση εφαρμογών. Σκοπός είναι η κατανόηση της λειτουργίας και της διαχείρισης των δικτύων υπολογιστών.', 'ΔΙΚΤΥΑ ΥΠΟΛΟΓΙΣΤΩΝ ', 4, NULL);
INSERT INTO "Courses" ("CourseId", "Description", "Name", "Semester", "TrackId")
VALUES (15, 'Το μάθημα "Αλγόριθμοι" επικεντρώνεται στη μελέτη τεχνικών επίλυσης βασικών υπολογιστικών προ-βλημάτων. Εξετάζεται ο σχεδιασμός αποδοτικών τεχνικών επίλυσης για προβλήματα στην Πληροφορική, που συντελούν στην επίλυση άλλων υπολογιστικών προβλημάτων. Επικεντρώνεται στο χρόνο εκτέλεσης των αλγορίθμων και στη μαθηματική ανάλυση τους. Παρουσιάζονται αλγόριθμοι για προβλήματα ταξινόμησης, αναζήτησης, γραφημάτων, αριθμητικών υπολογισμών και εισαγωγή στη Θεωρία Υπολογισμού.', 'ΑΛΓΟΡΙΘΜΟΙ', 4, NULL);
INSERT INTO "Courses" ("CourseId", "Description", "Name", "Semester", "TrackId")
VALUES (16, 'Το μάθημα "Βάσεις Δεδομένων" παρέχει γνώσεις για τον σχεδιασμό και τη χρήση των Βάσεων Δεδομένων (ΒΔ), που αποτελούν κρίσιμο στοιχείο κάθε Πληροφοριακού Συστήματος (ΠΣ). Το περιεχόμενο περιλαμβάνει το θεωρητικό υπόβαθρο με το Σχεσιακό Μοντέλο και τη Σχεσιακή Άλγεβρα, την εκμά-θηση της γλώσσας SQL (το πρότυπο των Συστημάτων Διαχείρισης ΒΔ), τεχνικές σχεδίασης Σχεσιακών ΒΔ με έμφαση στη θεωρία της κανονικοποίησης, καθώς και εργαστηριακές ασκήσεις με το PostgreSQL, ένα δημοφιλές σύστημα διαχείρισης ΒΔ.', 'ΒΑΣΕΙΣ ΔΕΔΟΜΕΝΩΝ ', 4, NULL);
INSERT INTO "Courses" ("CourseId", "Description", "Name", "Semester", "TrackId")
VALUES (17, 'Το μάθημα "Προγραμματισμός στο Διαδίκτυο και τον Παγκόσμιο Ιστό" ασχολείται με τη θεωρητική μελέτη και την πρακτική εξάσκηση σε θέματα προγραμματισμού στο διαδίκτυο και τον παγκόσμιο ιστό. Περιλαμβάνει αρχιτεκτονική πελάτη-εξυπηρετητή, δικτυακό προγραμματισμό, πρωτόκολλο HTTP, υλοποίηση web server, παραλλαγές αρχιτεκτονικής πελάτη-εξυπηρετητή, προγραμματισμό από την πλευρά του εξυπηρετητή (Java servlets) και μόνιμη αποθήκευση δεδομένων σε διαδικτυακές εφαρμογές. Οι φοιτητές εκπαιδεύονται σε τεχνικές που αφορούν την ανάπτυξη και τη λειτουργία των διαδικτυακών εφαρμογών.', 'ΠΡΟΓΡΑΜΜΑΤΙΣΜΟΣ ΣΤΟ ΔΙΑΔΙΚΤΥΟ ΚΑΙ ΤΟΝ ΠΑΓΚΟΣΜΙΟ ΙΣΤΟ', 4, NULL);
INSERT INTO "Courses" ("CourseId", "Description", "Name", "Semester", "TrackId")
VALUES (18, 'Το μάθημα "Αρχές και Εφαρμογές Σημάτων και Συστημάτων" εξετάζει τη θεωρία και τις εφαρμογές των σημάτων και των συστημάτων. Αποτελεί θεμελιώδες μάθημα σε προπτυχιακά προγράμματα, συμπεριλαμβανομένων των προγραμμάτων σπουδών στη σύγχρονη Πληροφορική. Παράλληλα, δη-μιουργεί τις βάσεις για εξειδικευμένα τεχνολογικά μαθήματα, όπως Αναγνώριση Προτύπων, Ανάλυση Εικόνας, Τεχνητή Όραση, Τηλεπικοινωνιακά Συστήματα, Δίκτυα Υπολογιστών, Συστήματα Πολυμέσων, Επεξεργασία Φωνής, κ.ά. Οι ενότητες του μαθήματος περιλαμβάνουν ένα εισαγωγικό μέρος για τις έννοιες του σήματος και του συστήματος, μετασχηματισμούς σημάτων, δειγματοληψία και κβά-ντωση σημάτων, γραμμικά αναλλοίωτα συστήματα, συστήματα επικοινωνίας και διαμόρφωση, ψηφιακά συστήματα επικοινωνίας, και το προγραμματιστικό περιβάλλον MATLAB.', 'ΑΡΧΕΣ ΚΑΙ ΕΦΑΡΜΟΓΕΣ ΣΗΜΑΤΩΝ ΚΑΙ ΣΥΣΤΗΜΑΤΩΝ', 4, NULL);
INSERT INTO "Courses" ("CourseId", "Description", "Name", "Semester", "TrackId")
VALUES (19, 'Το μάθημα "Αλληλεπίδραση Ανθρώπου και Υπολογιστή" ασχολείται με τον σχεδιασμό του συστήματος διεπαφής ανθρώπου-υπολογιστή. Μελετά την ανθρώπινη πλευρά της αλληλεπίδρα-σης, εστιάζοντας στις ανάγκες, τις δυνατότητες και τις προκλήσεις που αντιμετωπίζει ο χρή-στης. Εξετάζει τα κλασικά και σύγχρονα μέσα επικοινωνίας του υπολογιστή και αναλύει τα μο-ντέλα αλληλεπίδρασης. Επικεντρώνεται στους στόχους, τις μεθόδους και την ανάλυση εργα-σιών που χρησιμοποιούνται για τον σχεδιασμό αποτελεσματικών συστημάτων διεπαφής. Τέ-λος, το μάθημα αναφέρεται στη χρηστικότητα και τη φιλικότητα του λογισμικού, εξετάζοντας τη σημασία της σχεδίασης διεπαφής που προσφέρει ευκολία στον χρήστη και βελτιώνει την εμπειρία χρήσης.', 'ΑΛΛΗΛΕΠΙΔΡΑΣΗ ΑΝΘΡΩΠΟΥ ΚΑΙ ΥΠΟΛΟΓΙΣΤΗ', 5, NULL);
INSERT INTO "Courses" ("CourseId", "Description", "Name", "Semester", "TrackId")
VALUES (20, 'Αναγνώριση Προτύπων (pattern recognition) είναι η επιστημονική περιοχή που έχει στόχο την ταξινόμηση αντικειμένων σε κατηγορίες (κλάσεις) και συμπεριλαμβάνει το επιστημονικό πεδίο της Μηχανικής Μάθησης (machine learning). Σκοπός, επομένως, του παρόντος μαθήματος είναι να παρουσιάσει με ενιαίο τρόπο τις ευρύτερα χρησιμοποιούμενες τεχνικές και μεθοδολο-γίες για προβλήματα αναγνώρισης προτύπων.', 'ΑΝΑΓΝΩΡΙΣΗ ΠΡΟΤΥΠΩΝ', 5, NULL);
INSERT INTO "Courses" ("CourseId", "Description", "Name", "Semester", "TrackId")
VALUES (21, 'Το μάθημα "Πληροφοριακά Συστήματα" εστιάζει στην κατανόηση των πληροφοριακών συστη-μάτων (ΠΣ) από διοικητική, οργανωτική, σχεδιαστική και τεχνική πλευρά. Οι φοιτητές αναλύουν τα συστατικά στοιχεία ενός ΠΣ και μαθαίνουν για τους κυριότερους τύπους ΠΣ που χρησιμο-ποιούνται σήμερα. Μελετούν μεθοδολογίες ανάλυσης απαιτήσεων και μετατροπής τους σε σχεδίαση συστήματος. Επιπλέον, αναπτύσσουν ΠΣ και τα δοκιμάζουν, χρησιμοποιώντας την UML για τη δημιουργία διαφόρων μοντέλων ΠΣ. Αναλύουν περιπτώσεις χρήσης μέσω case studies.', 'ΠΛΗΡΟΦΟΡΙΑΚΑ ΣΥΣΤΗΜΑΤΑ', 5, NULL);
INSERT INTO "Courses" ("CourseId", "Description", "Name", "Semester", "TrackId")
VALUES (22, 'Το μάθημα "Τεχνητή Νοημοσύνη και Εμπειρα Συστήματα" παρέχει εισαγωγικές γνώσεις στην τεχνητή νοημοσύνη και τα εμπειρα συστήματα. Οι φοιτητές ασχολούνται με την επίλυση προ-βλημάτων σε επιλεγμένες περιοχές, όπως οι γενετικοί αλγόριθμοι, χρησιμοποιώντας μεθόδους τεχνητής νοημοσύνης. Επιπλέον, αποκτούν βασικές γνώσεις στη μηχανική μάθηση και τα νευ-ρωνικά δίκτυα, που είναι σημαντικά εργαλεία στον τομέα της τεχνητής νοημοσύνης.', 'ΤΕΧΝΗΤΗ ΝΟΗΜΟΣΥΝΗ ΚΑΙ ΕΜΠΕΙΡΑ ΣΥΣΤΗΜΑΤΑ', 6, NULL);
INSERT INTO "Courses" ("CourseId", "Description", "Name", "Semester", "TrackId")
VALUES (23, 'Το μάθημα "Τεχνολογία Λογισμικού" συμβάλλει στην κάλυψη των τεχνολογικών απαιτήσεων μέσω της έκθεσης των φοιτητών σε σύγχρονες τεχνικές μοντελοποίησης λογισμικού, αρχιτε-κτονικό σχεδιασμό και την γλώσσα μοντελοποίησης UML. Τα θέματα που καλύπτονται περι-λαμβάνουν μοντέλα κύκλου ζωής λογισμικού, γλώσσες μοντελοποίησης (UML), προϋπολογι-σμός κόστους λογισμικού, ανάλυση απαιτήσεων, σχεδιασμός, υλοποίηση και γλώσσες προγραμματισμού, καθώς και έλεγχος, συντήρηση και εργαλεία CASE.', 'ΤΕΧΝΟΛΟΓΙΑ ΛΟΓΙΣΜΙΚΟΥ ', 6, NULL);
INSERT INTO "Courses" ("CourseId", "Description", "Name", "Semester", "TrackId")
VALUES (46, 'Το μάθημα "Ανάκτηση Πληροφορίας και Αναζήτηση στον Παγκόσμιο Ιστό" ασχολείται με τις βασικές έννοιες της ανάκτησης πληροφοριών και της αναζήτησης στον Παγκόσμιο Ιστό. Κατά τη διάρκεια του μαθήματος, παρουσιάζονται θέματα όπως η ανάκτηση Boole, το λεξιλόγιο όρων και οι λίστες καταχωρίσεων, η κατασκευή ευρετηρίου, η αξιολόγηση στην ανάκτηση πληροφοριών, η ανάδραση συνάφειας και διεύρυνση ερωτημάτων, οι βασικές αρχές αναζήτησης στον Ιστό, η σταχυολόγηση Ιστού και τα ευρετήρια, καθώς και η ανάλυση συνδέσμων. Αυτές οι έννοιες και τεχνικές αποτελούν τη βάση για την αποτελεσματική αναζήτηση και ανάκτηση πληροφοριών στον Παγκόσμιο Ιστό.', 'ΑΝΑΚΤΗΣΗ ΠΛΗΡΟΦΟΡΙΑΣ ΚΑΙ ΑΝΑΖΗΤΗΣΗ ΣΤΟΝ ΠΑΓΚΟΣΜΙΟ ΙΣΤΟ', 7, NULL);

INSERT INTO "GeneralTests" ("GeneralTestId", "Type")
VALUES (1, 0);
INSERT INTO "GeneralTests" ("GeneralTestId", "Type")
VALUES (2, 1);

INSERT INTO "LikertScaleAnswers" ("LikertScaleAnswerId", "Option1", "Option2", "Option3", "Option4", "Option5")
VALUES (1, 'Πολύ Λίγο', 'Λίγο', 'Ουδέτερο', 'Πολύ', 'Πάρα Πολύ');
INSERT INTO "LikertScaleAnswers" ("LikertScaleAnswerId", "Option1", "Option2", "Option3", "Option4", "Option5")
VALUES (2, 'Καθόλου εξοικειωμένος/η', 'Βασικές γνώσεις', 'Προχωρημένες γνώσεις', 'Επαγγελματικό επίπεδο γνώσης', 'Intellectual');
INSERT INTO "LikertScaleAnswers" ("LikertScaleAnswerId", "Option1", "Option2", "Option3", "Option4", "Option5")
VALUES (3, 'NAI', 'OXI', '', '', '');
INSERT INTO "LikertScaleAnswers" ("LikertScaleAnswerId", "Option1", "Option2", "Option3", "Option4", "Option5")
VALUES (4, 'Δεν ενδιαφέρομαι να μάθω περισσότερα ', 'Θα ήθελα να μάθω βασικές γνώσεις ', 'Είμαι ανοικτός/ή σε νέα εκπαιδευτικά προγράμματα και πιστοποιήσεις ', 'Επιθυμώ να εξελίσσομαι συνεχώς και να αποκτώ προχωρημένες γνώσεις', 'Η συνεχή μάθηση στην πληροφορική είναι κλειδί για την επαγγελματική επιτυχία και την προσαρμογή στις αλλαγές');
INSERT INTO "LikertScaleAnswers" ("LikertScaleAnswerId", "Option1", "Option2", "Option3", "Option4", "Option5")
VALUES (5, 'Προτιμώ να εργάζομαι μόνος/η ', 'Μπορώ να συνεργαστώ σε μια ομάδα, αλλά προτιμώ την ατομική εργασία ', 'Απολαμβάνω την συνεργασία και την ανταλλαγή ιδεών με άλλους ', 'Θεωρώ την ομαδική εργασία απαραίτητη για την επίλυση πολύπλοκων προβλημάτων', 'Καίρια για καινοτόμες λύσεις και ανταλλαγή ιδεών.');
INSERT INTO "LikertScaleAnswers" ("LikertScaleAnswerId", "Option1", "Option2", "Option3", "Option4", "Option5")
VALUES (6, 'Δεν με ενδιαφέρει η τεχνολογία και η εξέλιξη της πληροφορικής ', 'Ανησυχώ για τις επιπτώσεις της τεχνολογίας στην κοινωνία και την ιδιωτική ζωή', 'Με ενδιαφέρουν ορισμένες τεχνολογίες, αλλά δεν ασχολούμαι πολύ με τις εξελίξεις ', 'Θεωρώ την τεχνολογία συναρπαστική και ανυπομονώ να δω τις επόμενες εξελίξεις ', 'Θέλω να είμαι μέρος αυτών των εξελίξεων');
INSERT INTO "LikertScaleAnswers" ("LikertScaleAnswerId", "Option1", "Option2", "Option3", "Option4", "Option5")
VALUES (7, 'Ποιος ήρθε?', 'Δεν έχω γνώσεις γι’ αυτό το θέμα', 'Έχω μια άποψη γι’ αυτό αλλά δεν με ενθουσιάζει ιδιαίτερα', 'Το θεωρώ συναρπαστικό και ενδιαφέρον', 'Θα ήθελα να ασχοληθώ επαγγελματικά στο μέλλον καθώς θεωρώ ότι είναι απαραίτητη για την αποτελεσματική λήψη αποφάσεων και ανάπτυξη στρατηγικών.');
INSERT INTO "LikertScaleAnswers" ("LikertScaleAnswerId", "Option1", "Option2", "Option3", "Option4", "Option5")
VALUES (8, 'Το επέλεξα τυχαία', 'Φήμη για μεγάλες χρηματικές αμοιβές', 'Επιρροή από γνωστούς ή πρότυπα πρόσωπα', 'Πάθος για τεχνολογία και υπολογιστές ', 'Προοπτικές επαγγελματικής ανάπτυξης');
INSERT INTO "LikertScaleAnswers" ("LikertScaleAnswerId", "Option1", "Option2", "Option3", "Option4", "Option5")
VALUES (9, 'Προκαλούν ανησυχίες για την ιδιωτικότητα και την ανθρώπινη εργασία', 'Αναμένεται να επηρεάσουν θετικά την υγεία, την αυτοκίνηση και την ρομποτική', 'Απαιτούν ηθικούς κανόνες για την αποφυγή ανισότητας και διάκρισης', 'Αναγκαία για εξελίξεις σε τεχνολογία και αυτοματισμούς', 'Τη θεωρώ πολύ σημαντική και θέλω να είμαι μέρος αυτής της εξέλιξης');

INSERT INTO "MastersDegrees" ("MastersDegreeId", "Name")
VALUES (1, 'Προηγμένα Συστήματα Πληροφορικής - Ανάπτυξη Λογισμικού και Τεχνητής Νοημοσύνης - Τμήμα Πληροφορικής Πανεπιστήμιο Πειραιά');
INSERT INTO "MastersDegrees" ("MastersDegreeId", "Name")
VALUES (2, 'Ψηφιακός Πολιτισμός, Έξυπνες Πόλεις, IoT και Προηγμένες Ψηφιακές Τεχνολογίες - Τμήμα Πληροφορικής Πανεπιστήμιο Πειραιά');
INSERT INTO "MastersDegrees" ("MastersDegreeId", "Name")
VALUES (3, 'Διοίκηση Επιχειρησιακών Πληροφοριακών Συστημάτων - Οικονομικό Πανεπιστήμιο Αθηνών');
INSERT INTO "MastersDegrees" ("MastersDegreeId", "Name")
VALUES (4, 'Ψηφιακή Επιχειρηματικότητα - Πανεπιστήμιο Αθηνών');
INSERT INTO "MastersDegrees" ("MastersDegreeId", "Name")
VALUES (5, 'Κυβερνοασφάλεια και Επιστήμη Δεδομένων  - Τμήμα Πληροφορικής Πανεπιστήμιο Πειραιά');
INSERT INTO "MastersDegrees" ("MastersDegreeId", "Name")
VALUES (6, 'Προηγμένα Συστήματα Πληροφορικής - Ανάπτυξη Λογισμικού και Τεχνητής Νοημοσύνης - Τμήμα Πληροφορικής Πανεπιστήμιο Πειραιά');
INSERT INTO "MastersDegrees" ("MastersDegreeId", "Name")
VALUES (7, 'Συστήματα Αυτοματισμού - Η.Μ.Μ.Υ ΕΜΠ');
INSERT INTO "MastersDegrees" ("MastersDegreeId", "Name")
VALUES (8, 'Πληροφοριακά Συστήματα και Δίκτυα - Πανεπιστήμιο Πατρών');
INSERT INTO "MastersDegrees" ("MastersDegreeId", "Name")
VALUES (9, 'Υπολογιστικά Συστήματα και Δίκτυα - Πολυτεχνείο Κρήτης');
INSERT INTO "MastersDegrees" ("MastersDegreeId", "Name")
VALUES (10, 'Διοίκηση Επιχειρησιακών Πληροφοριακών Συστημάτων - Οικονομικό Πανεπιστήμιο Αθηνών');

INSERT INTO "Professions" ("ProfessionId", "Name")
VALUES (1, 'Προγραμματιστής Λογισμικού');
INSERT INTO "Professions" ("ProfessionId", "Name")
VALUES (2, 'Προγραμματιστής Ιστοσελίδων');
INSERT INTO "Professions" ("ProfessionId", "Name")
VALUES (3, 'Ερευνητής Τεχνητής Νοημοσύνης');
INSERT INTO "Professions" ("ProfessionId", "Name")
VALUES (4, 'Επιστήμονας Δεδομένων');
INSERT INTO "Professions" ("ProfessionId", "Name")
VALUES (5, 'Προγραμματιστής Βιντεοπαιχνιδιών');
INSERT INTO "Professions" ("ProfessionId", "Name")
VALUES (6, 'Διαχειριστής Βάσεων Δεδομένων');
INSERT INTO "Professions" ("ProfessionId", "Name")
VALUES (7, 'Διευθυντής Πληροφορικής');
INSERT INTO "Professions" ("ProfessionId", "Name")
VALUES (8, 'Σύμβουλος Πληροφορικής');
INSERT INTO "Professions" ("ProfessionId", "Name")
VALUES (9, 'Αναλυτής Δεδομένων');
INSERT INTO "Professions" ("ProfessionId", "Name")
VALUES (10, 'Μηχανικός DevOps');
INSERT INTO "Professions" ("ProfessionId", "Name")
VALUES (11, 'Αναλυτής Kυβερνοασφάλειας');
INSERT INTO "Professions" ("ProfessionId", "Name")
VALUES (12, 'Αρχιτέκτονας Νέφους');
INSERT INTO "Professions" ("ProfessionId", "Name")
VALUES (13, 'Μηχανικός Υλικού Υπολογιστών');
INSERT INTO "Professions" ("ProfessionId", "Name")
VALUES (14, 'Προγραμματιστής Κινητών Συσκευών');
INSERT INTO "Professions" ("ProfessionId", "Name")
VALUES (15, 'Σχεδιαστής Διεπαφών και εμπειρίας χρήστη');

INSERT INTO "Skills" ("SkillId", "Name", "Type")
VALUES (1, 'Κατανόηση των βασικών εννοιών του σχεδιασμού ψηφιακών συστημάτων και της λειτουργίας τους', 0);
INSERT INTO "Skills" ("SkillId", "Name", "Type")
VALUES (2, 'Κατανόηση της αναπαράστασης των αριθμών και των δεδομένων στα ψηφιακά συστήματα', 0);
INSERT INTO "Skills" ("SkillId", "Name", "Type")
VALUES (3, 'Ικανότητα ανάλυσης και βελτίωσης της απόδοσης ενός ψηφιακού κυκλώματος', 0);
INSERT INTO "Skills" ("SkillId", "Name", "Type")
VALUES (4, 'Εξοικείωση με εργαλεία σχεδίασης και προσομοίωσης ψηφιακών κυκλωμάτων', 0);
INSERT INTO "Skills" ("SkillId", "Name", "Type")
VALUES (5, 'Προσαρμοστικότητα', 1);
INSERT INTO "Skills" ("SkillId", "Name", "Type")
VALUES (6, 'Δημιουργική σκέψη', 1);
INSERT INTO "Skills" ("SkillId", "Name", "Type")
VALUES (7, 'Διαχείριση χρόνου', 1);
INSERT INTO "Skills" ("SkillId", "Name", "Type")
VALUES (8, 'Επίλυση προβλημάτων', 1);
INSERT INTO "Skills" ("SkillId", "Name", "Type")
VALUES (9, 'Κριτική σκέψη', 1);
INSERT INTO "Skills" ("SkillId", "Name", "Type")
VALUES (10, 'Ολοκληρωμένη γνώση των βασικών εννοιών και συμβολισμών που αφορούν τα σύνολα, σχέσεις και απεικονίσεις', 0);
INSERT INTO "Skills" ("SkillId", "Name", "Type")
VALUES (11, 'Ικανότητα εφαρμογής των βασικών αρχών όπως την αρχή της επαγωγής, την αρχή του περιστερεώνα και την αρχή εγκλεισμού-αποκλεισμού για την επίλυση προβλημάτων', 0);
INSERT INTO "Skills" ("SkillId", "Name", "Type")
VALUES (12, 'Ολοκληρωμένη γνώση των βασικών στοιχείων και τεχνικών από την θεωρία αριθμών όπως ο αλγόριθμος του Ευκλείδη, το θεώρημα Euler-Fermat και οι εφαρμογές του κ.α.', 0);
INSERT INTO "Skills" ("SkillId", "Name", "Type")
VALUES (13, 'Κατανόηση των ιδιοτήτων της άλγεβρας Boole και των εφαρμογών της', 0);
INSERT INTO "Skills" ("SkillId", "Name", "Type")
VALUES (14, 'Λήψη αποφάσεων', 1);
INSERT INTO "Skills" ("SkillId", "Name", "Type")
VALUES (15, 'Άσκηση κριτικής και αυτοκριτικής', 1);
INSERT INTO "Skills" ("SkillId", "Name", "Type")
VALUES (16, 'Παραγωγή νέων ερευνητικών ιδεών', 1);
INSERT INTO "Skills" ("SkillId", "Name", "Type")
VALUES (17, 'Αναγνώριση των βασικών αρχών των πρωτοκόλλων που στηρίζουν το Διαδίκτυο, με έμφαση στο IP και το TCP', 0);
INSERT INTO "Skills" ("SkillId", "Name", "Type")
VALUES (18, 'Κατανόηση των βασικών χαρακτηριστικών των εφαρμογών του διαδικτύου', 0);
INSERT INTO "Skills" ("SkillId", "Name", "Type")
VALUES (19, 'Κατανόηση των βασικών τεχνικών και εργαλείων προγραμματισμού και ελέγχου μιας διαδικτυακής εφαρμογής', 0);
INSERT INTO "Skills" ("SkillId", "Name", "Type")
VALUES (20, 'Ικανότητα αξιοποίησης προγραμματιστικών τεχνικών για αποδοτικότερο σχεδιασμό, βελτιστοποίηση απόδοσης και λειτουργική/αποτελεσματική δημιουργία εφαρμογών', 0);
INSERT INTO "Skills" ("SkillId", "Name", "Type")
VALUES (21, 'Αυτονομία', 1);
INSERT INTO "Skills" ("SkillId", "Name", "Type")
VALUES (22, 'Ομαδικότητα', 1);
INSERT INTO "Skills" ("SkillId", "Name", "Type")
VALUES (23, 'Σχεδιασμός και διαχείριση έργων', 1);
INSERT INTO "Skills" ("SkillId", "Name", "Type")
VALUES (24, 'Παραγωγή νέων ερευνητικών ιδεών', 1);
INSERT INTO "Skills" ("SkillId", "Name", "Type")
VALUES (25, 'Δημιουργική σκέψη', 1);
INSERT INTO "Skills" ("SkillId", "Name", "Type")
VALUES (26, 'Ηθική εργασίας', 1);
INSERT INTO "Skills" ("SkillId", "Name", "Type")
VALUES (27, 'Συμβιβασμός', 1);
INSERT INTO "Skills" ("SkillId", "Name", "Type")
VALUES (28, 'Επικοινωνία', 1);
INSERT INTO "Skills" ("SkillId", "Name", "Type")
VALUES (29, 'Προσδιορισμός των βασικών αρχών της επιστήμης των υπολογιστών μέσω της γλώσσας προγραμματισμού Python', 0);
INSERT INTO "Skills" ("SkillId", "Name", "Type")
VALUES (30, 'Γραφή και σύνθεση προγραμμάτων σε γλώσσα Python', 0);
INSERT INTO "Skills" ("SkillId", "Name", "Type")
VALUES (31, 'Eκσφαλμάτωση προγραμμάτων', 0);
INSERT INTO "Skills" ("SkillId", "Name", "Type")
VALUES (32, 'Ευχέρεια στη εφαρμογή βασικών δομών όπως δομές ελέγχου και επανάληψης', 0);
INSERT INTO "Skills" ("SkillId", "Name", "Type")
VALUES (33, 'Προσδιορισμός του χρόνου εκτέλεσης των βασικών λειτουργιών μίας δομής δεδομένων', 0);
INSERT INTO "Skills" ("SkillId", "Name", "Type")
VALUES (34, 'Ικανότητα εφαρμογής των κατάλληλων δομών δεδομένων για την επίλυση υπολογιστικών προβλημάτων.', 0);
INSERT INTO "Skills" ("SkillId", "Name", "Type")
VALUES (35, 'Εξοικείωση με τη μεθοδολογία της ανακάλυψης, της εξέτασης, της δημιουργίας, της σύνθεσης, της οργάνωσης, της αναθεώρησης και της ανακατασκευής των δομών όπο-τε υφίσταται ανάγκη ή πρόβλημα που χρήζει επίλυσης', 0);
INSERT INTO "Skills" ("SkillId", "Name", "Type")
VALUES (36, 'Προαγωγή της ελεύθερης, δημιουργικής και επαγωγικής σκέψης', 1);
INSERT INTO "Skills" ("SkillId", "Name", "Type")
VALUES (37, 'Παράγωγή νέων ερευνητικών ιδεών', 1);
INSERT INTO "Skills" ("SkillId", "Name", "Type")
VALUES (38, 'Κατανόηση των βασικών αρχών του αντικειμενοστρεφή προγραμματισμό', 0);
INSERT INTO "Skills" ("SkillId", "Name", "Type")
VALUES (39, 'Ικανότητα σχεδίασης, ανάπτυξης και να υλοποίησης λογισμικού ως λύσεις σε προβλήματα', 0);
INSERT INTO "Skills" ("SkillId", "Name", "Type")
VALUES (40, 'Ικανότητα εντοπισμού, αξιολόγησης και αξιοποίησης λογισμικού που υλοποιείται σύμφωνα με τις βασικές αρχές της αντικειμενοστρεφούς σχεδίασης', 0);
INSERT INTO "Skills" ("SkillId", "Name", "Type")
VALUES (41, 'Αυτόνομη εργασία ', 1);
INSERT INTO "Skills" ("SkillId", "Name", "Type")
VALUES (42, 'Επίλυση προβλημάτων', 1);
INSERT INTO "Skills" ("SkillId", "Name", "Type")
VALUES (43, 'Ομαδική Εργασία', 1);
INSERT INTO "Skills" ("SkillId", "Name", "Type")
VALUES (44, 'Προσαρμογή σε νέες καταστάσεις', 1);
INSERT INTO "Skills" ("SkillId", "Name", "Type")
VALUES (45, 'Εξοικείωση με βασικές έννοιες και αποτελέσματα των γραφημάτων', 0);
INSERT INTO "Skills" ("SkillId", "Name", "Type")
VALUES (46, 'Κατανόηση των συνδυαστικών αριθμών όπως Fibonacci, Catalan, Motzkin, Stirling, Bell κ.λπ. καθώς και των εφαρμογών τους', 0);
INSERT INTO "Skills" ("SkillId", "Name", "Type")
VALUES (47, 'Εξοικείωση με βασικές έννοιες των αυτομάτων, των τυπικών γλωσσών, των αναγωγικών εξισώσεων και των συνήθων και εκθετικών γεννητριών συναρτήσεων', 0);
INSERT INTO "Skills" ("SkillId", "Name", "Type")
VALUES (48, 'Εξοικείωση με τις βασικές τεχνικές σχεδίασης των σύγχρονων υπολογιστών', 0);
INSERT INTO "Skills" ("SkillId", "Name", "Type")
VALUES (49, 'Ικανότητα σχεδίασης και ανάπτυξης προγραμμάτων σε συμβολική γλώσσα', 0);
INSERT INTO "Skills" ("SkillId", "Name", "Type")
VALUES (50, 'Εξοικείωση με εργαλεία προσομοίωσης επεξεργαστών και ικανότητα εκτέλεσης προγραμμάτων συμβολικής γλώσσας', 0);
INSERT INTO "Skills" ("SkillId", "Name", "Type")
VALUES (51, 'Ικανότητα αξιολόγησης της απόδοσης και σύγκρισης διαφορετικών επεξεργαστών', 0);
INSERT INTO "Skills" ("SkillId", "Name", "Type")
VALUES (52, 'Ικανότητα χρήσης μεθόδου Simplex', 0);
INSERT INTO "Skills" ("SkillId", "Name", "Type")
VALUES (53, 'Κατανόηση και χρήση της θεωρίας της Δυϊκότητας', 0);
INSERT INTO "Skills" ("SkillId", "Name", "Type")
VALUES (54, 'Λύση προβλημάτων με Ανάλυση Ευαισθησίας', 0);
INSERT INTO "Skills" ("SkillId", "Name", "Type")
VALUES (55, 'Κατανόηση Ακέραιου Γραμμικού Προγραμματισμού', 0);
INSERT INTO "Skills" ("SkillId", "Name", "Type")
VALUES (56, 'Λύση προβλημάτων Μεταφοράς και Ανάθεσης', 0);
INSERT INTO "Skills" ("SkillId", "Name", "Type")
VALUES (57, 'Διαχείριση πολύπλοκων προβλημάτων', 1);
INSERT INTO "Skills" ("SkillId", "Name", "Type")
VALUES (58, 'Κατανόηση αλγορίθμων επίλυσης προβλημάτων', 1);
INSERT INTO "Skills" ("SkillId", "Name", "Type")
VALUES (59, 'Κατανόηση των βασικών αρχών της C#', 0);
INSERT INTO "Skills" ("SkillId", "Name", "Type")
VALUES (60, 'Ανάπτυξη εφαρμογών σε ολοκληρωμένα περιβάλλοντα ανάπτυξης (IDEs)', 0);
INSERT INTO "Skills" ("SkillId", "Name", "Type")
VALUES (61, 'Χρήση του Visual Studio Enterprise Edition', 0);
INSERT INTO "Skills" ("SkillId", "Name", "Type")
VALUES (62, 'Ανάπτυξη desktop, web, ή/και mobile εφαρμογών', 0);
INSERT INTO "Skills" ("SkillId", "Name", "Type")
VALUES (63, 'Γρήγορη και αποδοτική παραγωγή κώδικα', 1);
INSERT INTO "Skills" ("SkillId", "Name", "Type")
VALUES (64, 'Γνώση βασικών εννοιών και αρχών των Λ.Σ.', 0);
INSERT INTO "Skills" ("SkillId", "Name", "Type")
VALUES (65, 'Θεωρητικές και πρακτικές γνώσεις Unix/Linux', 0);
INSERT INTO "Skills" ("SkillId", "Name", "Type")
VALUES (66, 'Κατανόηση των εννοιών Διεργασίας και Νήματος', 0);
INSERT INTO "Skills" ("SkillId", "Name", "Type")
VALUES (67, 'Παράθεση αλγορίθμων χρονοδρομολόγησης της CPU', 0);
INSERT INTO "Skills" ("SkillId", "Name", "Type")
VALUES (68, 'Προσδιορισμός κύριων τεχνικών διαχείρισης μνήμης', 0);
INSERT INTO "Skills" ("SkillId", "Name", "Type")
VALUES (69, 'Κατανόηση πολυεπεξεργασίας (multiprocessing)', 0);
INSERT INTO "Skills" ("SkillId", "Name", "Type")
VALUES (70, 'Ικανότητα διαχείρισης αρχείων και καταλόγων', 1);
INSERT INTO "Skills" ("SkillId", "Name", "Type")
VALUES (71, 'Προσαρμογή σε νέες καταστάσεις', 1);
INSERT INTO "Skills" ("SkillId", "Name", "Type")
VALUES (72, 'Προσδιορισμός σύνταξης (BNF, EBNF, συντακτικά διαγράμματα)', 0);
INSERT INTO "Skills" ("SkillId", "Name", "Type")
VALUES (73, 'Αναγνώριση κανονικών εκφράσεων και συμβολισμών FLEX', 0);
INSERT INTO "Skills" ("SkillId", "Name", "Type")
VALUES (74, 'Υπολογισμός συνόλων FIRST, FOLLOW, EMPTY, LOOKAHEAD', 0);
INSERT INTO "Skills" ("SkillId", "Name", "Type")
VALUES (75, 'Αποτίμηση προτεραιοτήτων μεταξύ των συμβόλων μιας δεδομένης γραμματικής', 0);
INSERT INTO "Skills" ("SkillId", "Name", "Type")
VALUES (76, 'Κατασκευή του πίνακα προτεραιοτήτων μιας γραμματικής', 0);
INSERT INTO "Skills" ("SkillId", "Name", "Type")
VALUES (77, 'Εργασία σε διεθνές περιβάλλον', 1);
INSERT INTO "Skills" ("SkillId", "Name", "Type")
VALUES (78, 'Γνώση Θεωριών Πιθανοτήτων και της Στατιστικής', 0);
INSERT INTO "Skills" ("SkillId", "Name", "Type")
VALUES (79, 'Κατασκευή του πίνακα προτεραιοτήτων μιας γραμματικής', 0);
INSERT INTO "Skills" ("SkillId", "Name", "Type")
VALUES (80, 'Κατανόηση μεθοδολογιών Περιγραφικής Στατιστικής για την επεξεργασία των στατιστικών δεδομένων', 0);
INSERT INTO "Skills" ("SkillId", "Name", "Type")
VALUES (81, 'Ικανότητα μετασχηματισμού στατιστικών δεδομένων', 0);
INSERT INTO "Skills" ("SkillId", "Name", "Type")
VALUES (82, 'Θα προσδιορίζει και θα ταξινομεί τα στάδια Σχεδίασης Δικτύων', 0);
INSERT INTO "Skills" ("SkillId", "Name", "Type")
VALUES (83, 'Θα διακρίνει το μοντέλο αναφοράς OSI, τη στοίβα πρωτοκόλλων TCP/IP και τη χρήση τους στους Οργανισμούς Τυποποίησης ', 0);
INSERT INTO "Skills" ("SkillId", "Name", "Type")
VALUES (84, 'Θα είναι σε θέση να προσεγγίζει και να ορίζει το Φυσικό επίπεδο ', 0);
INSERT INTO "Skills" ("SkillId", "Name", "Type")
VALUES (85, 'Θα διακρίνει το Επίπεδο Συνδέσμου Μετάδοσης Δεδομένων ', 0);
INSERT INTO "Skills" ("SkillId", "Name", "Type")
VALUES (86, 'Θα έχει εμπεδώσει τα επίπεδα του Ελέγχου πολλαπλής πρόσβασης', 0);
INSERT INTO "Skills" ("SkillId", "Name", "Type")
VALUES (87, 'Θα υλοποιεί τις εφαρμογές των Δικτύων Μεταγωγής ', 0);
INSERT INTO "Skills" ("SkillId", "Name", "Type")
VALUES (88, 'Εργασία σε διεπιστημονικό περιβάλλον', 1);
INSERT INTO "Skills" ("SkillId", "Name", "Type")
VALUES (89, 'Προσαρμογή σε απρόβλεπτες καταστάσεις', 1);
INSERT INTO "Skills" ("SkillId", "Name", "Type")
VALUES (90, 'Αναγνώριση βασικών εντολών για την ολοκλήρωση των αλγόριθμων', 0);
INSERT INTO "Skills" ("SkillId", "Name", "Type")
VALUES (91, 'Εφαρμογή αλγοριθμικών τεχνικών για την επίλυση υπολογιστικών προβλημάτων', 0);
INSERT INTO "Skills" ("SkillId", "Name", "Type")
VALUES (92, 'Διάκριση αλγοριθμικών προβλημάτων σε συστατικά μέρη', 0);
INSERT INTO "Skills" ("SkillId", "Name", "Type")
VALUES (93, 'Σχεδιασμός και ανάπτυξη πιθανών αποτελεσματικών τεχνικών επίλυσης', 0);
INSERT INTO "Skills" ("SkillId", "Name", "Type")
VALUES (94, 'Εκτίμηση της ποιότητας λύσης ενός αλγορίθμου.', 0);
INSERT INTO "Skills" ("SkillId", "Name", "Type")
VALUES (95, 'Αυτόνομη μελέτη και εργασία ', 1);
INSERT INTO "Skills" ("SkillId", "Name", "Type")
VALUES (96, 'Διαχείριση προβλημάτων', 1);
INSERT INTO "Skills" ("SkillId", "Name", "Type")
VALUES (97, 'Λήψη αποφάσεων ', 1);
INSERT INTO "Skills" ("SkillId", "Name", "Type")
VALUES (98, 'Κατανόηση θεμάτων σχετικά με το απαιτούμενο θεωρητικό υπόβαθρο των ΒΔ', 0);
INSERT INTO "Skills" ("SkillId", "Name", "Type")
VALUES (99, 'Αξιοποίηση θεωρητικής γνώσης για τον σχεδιασμό και την ανάλυση των δεδομένων ενός ΠΣ', 0);
INSERT INTO "Skills" ("SkillId", "Name", "Type")
VALUES (100, 'Χρήση της γλώσσας SQL με θεωρητικό υπόβαθρο Σχεσιακής Άλγεβρας', 0);
INSERT INTO "Skills" ("SkillId", "Name", "Type")
VALUES (101, 'Ενσωμάτωση τεχνικών σχεδίασης Σχεσιακών Βάσεων Δεδομένων', 0);
INSERT INTO "Skills" ("SkillId", "Name", "Type")
VALUES (102, 'Ανάλυση και σύνθεση δεδομένων και πληροφοριών ', 1);
INSERT INTO "Skills" ("SkillId", "Name", "Type")
VALUES (103, 'Σχεδιασμός έργων Προσαρμογή σε νέες καταστάσεις ', 1);
INSERT INTO "Skills" ("SkillId", "Name", "Type")
VALUES (104, 'Γνώση βασικών αρχιτεκτονικών και τεχνολογιών ανάπτυξης εφαρμογών στο διαδίκτυο και στον παγκόσμιο ιστό ', 0);
INSERT INTO "Skills" ("SkillId", "Name", "Type")
VALUES (105, 'Χρήση κατάλληλου προγραμματιστικού περιβάλλοντος για ανάπτυξη εφαρμογών στον πα-γκόσμιο ιστό', 0);
INSERT INTO "Skills" ("SkillId", "Name", "Type")
VALUES (106, 'Παραγωγή εφαρμογών πελάτη-εξυπηρετητή, ', 0);
INSERT INTO "Skills" ("SkillId", "Name", "Type")
VALUES (107, 'Γνώση και χρήση αρχιτεκτονικής 3-tier ', 0);
INSERT INTO "Skills" ("SkillId", "Name", "Type")
VALUES (108, 'Αναζήτηση, ανάλυση και σύνθεση δεδομένων και πληροφοριών', 1);
INSERT INTO "Skills" ("SkillId", "Name", "Type")
VALUES (109, 'Ταξινόμηση σημάτων σε αναλογικά ή ψηφιακά και συνεχούς ή διακριτού χρόνου ', 0);
INSERT INTO "Skills" ("SkillId", "Name", "Type")
VALUES (110, 'Κατανόηση του συνεχούς και διακριτού μετασχηματισμού Σχεδιασμός και υλοποίηση περιο-δικής δειγματοληψίας', 0);
INSERT INTO "Skills" ("SkillId", "Name", "Type")
VALUES (111, 'Γνώση και διαχείριση Αναλογικών και Ψηφιακών Συστημάτων Επικοινωνίας', 0);
INSERT INTO "Skills" ("SkillId", "Name", "Type")
VALUES (112, 'Χρήση Αναλογικής Διαμόρφωσης : Εύρους, Γωνίας (φάσης, συχνότητας), Παλμών', 0);
INSERT INTO "Skills" ("SkillId", "Name", "Type")
VALUES (113, 'Γνώση Πολύπλεξης', 0);
INSERT INTO "Skills" ("SkillId", "Name", "Type")
VALUES (114, 'Διάκριση και ανάπτυξης Παλμοκωδικής διαμόρφωσης', 0);
INSERT INTO "Skills" ("SkillId", "Name", "Type")
VALUES (115, 'Κατανόηση των αρχών του σχεδιασμού ενός συστήματος διεπαφής', 0);
INSERT INTO "Skills" ("SkillId", "Name", "Type")
VALUES (116, 'Ικανότητα σχεδίασης, ανάπτυξης και αξιολόγησης συστημάτων διεπαφής με τους χρήστες για οποιαδήποτε εφαρμογή', 0);
INSERT INTO "Skills" ("SkillId", "Name", "Type")
VALUES (117, 'Ικανότητα αναγνώρισης των διαφόρων εγχειριδίων χρήσης που συνοδεύουν ένα αλλη-λεπιδραστικό λογισμικό', 0);
INSERT INTO "Skills" ("SkillId", "Name", "Type")
VALUES (118, 'Κατανόηση αλγορίθμων και τεχνικών αναγνώρισης προτύπων, όπως την Μπεϋζιανή θεωρία ταξινόμησης, τα Νευρωνικά δίκτυα και τα Κρυφά Μοντέλα Markov', 0);
INSERT INTO "Skills" ("SkillId", "Name", "Type")
VALUES (119, 'Ικανότητα αντίληψης του πως συνδυάζονται γνώσεις πιθανοτήτων, στατιστικής, γραμμικής άλγεβρας και βελτιστοποίησης για τη δημιουργία αλγορίθμων αναγνώρισης προτύπων', 0);
INSERT INTO "Skills" ("SkillId", "Name", "Type")
VALUES (120, 'Ικανότητα ανάλυσης προβλημάτων πραγματικών δεδομένων στα οποία απαιτείται η σχεδίαση/ανάπτυξη/υλοποίηση συστημάτων ταξινόμησης αντικειμένων', 0);
INSERT INTO "Skills" ("SkillId", "Name", "Type")
VALUES (121, 'Ικανότητα διαχείρισης του φόρτου και της πολυπλοκότητας τέτοιων προβλημάτων πραγματικών δεδομένων σε περιβάλλον ομαδικής εργασίας', 0);
INSERT INTO "Skills" ("SkillId", "Name", "Type")
VALUES (122, 'Αφαιρετική ικανότητα', 1);
INSERT INTO "Skills" ("SkillId", "Name", "Type")
VALUES (123, 'Κατανόηση της έννοιας των Πληροφοριακών Συστημάτων (ΠΣ) σε οργανωτική και τεχνική διάσταση', 0);
INSERT INTO "Skills" ("SkillId", "Name", "Type")
VALUES (124, 'Διάκριση κυριότερων τύπων πληροφοριακών συστημάτων που χρησιμοποιούνται', 0);
INSERT INTO "Skills" ("SkillId", "Name", "Type")
VALUES (125, 'Γνώση μεθοδολογιών ανάλυσης απαιτήσεων και το μετασχηματισμό σε σχεδίαση συστήματος', 0);
INSERT INTO "Skills" ("SkillId", "Name", "Type")
VALUES (126, 'Χρήση UML για την κατασκευή Μοντέλων ΠΣ', 0);
INSERT INTO "Skills" ("SkillId", "Name", "Type")
VALUES (127, 'Γνώση βασικών εννοιών Τεχνητής Νοημοσύνης (ΤΝ) και των Έμπειρων Συστημάτων (ΕΣ)', 0);
INSERT INTO "Skills" ("SkillId", "Name", "Type")
VALUES (128, 'Ανάπτυξη αλγορίθμων αναζήτησης λύσης με χρήση τεχνητής νοημοσύνης', 0);
INSERT INTO "Skills" ("SkillId", "Name", "Type")
VALUES (129, 'Έλεγχος Ασάφειας και την Αβεβαιότητας σε συστήματα κανόνων', 0);
INSERT INTO "Skills" ("SkillId", "Name", "Type")
VALUES (130, 'Γνώση Μηχανικής Μάθησης και Νευρωνικών Δικτύων', 0);
INSERT INTO "Skills" ("SkillId", "Name", "Type")
VALUES (131, 'Δόμηση εγγράφων ανάλυσης απαιτήσεων λογισμικού', 0);
INSERT INTO "Skills" ("SkillId", "Name", "Type")
VALUES (132, 'Οργάνωση σχεδίων λογισμικού βασισμένα σε γλώσσες ', 0);
INSERT INTO "Skills" ("SkillId", "Name", "Type")
VALUES (133, 'Χρήση μοντέλου κύκλου ζωής λογισμικού Rational Unified Process', 0);
INSERT INTO "Skills" ("SkillId", "Name", "Type")
VALUES (134, 'Κατανόηση της φυσικής οργάνωσης και δομής των Συστημάτων Διαχείρισης Βάσεων Δεδομένων (ΣΔΒΔ), ως κομβικών συστατικών ενός Πληροφοριακού Συστήματος (ΠΣ)', 0);
INSERT INTO "Skills" ("SkillId", "Name", "Type")
VALUES (135, 'Ικανότητα διαχείρισης θεμάτων που σχετίζονται με τις δοσοληψίες', 0);
INSERT INTO "Skills" ("SkillId", "Name", "Type")
VALUES (136, 'Ικανότητα αναγνώρισης των χαρακτηριστικών των ειδικών αρχιτεκτονικών ΒΔ ανάλογα με τον τύπο τους', 0);
INSERT INTO "Skills" ("SkillId", "Name", "Type")
VALUES (137, 'Σχεδιασμός Πληροφοριακών Συστημάτων', 1);
INSERT INTO "Skills" ("SkillId", "Name", "Type")
VALUES (138, 'Κατανόηση τεχνικών και μεθοδολογιών δημιουργίας, συμπίεσης και δικτύωσης ψηφιακού περιεχομένου, όπως συμπίεσης χωρίς/με απώλειες εικόνας/ήχου/βίντεο/γραφικών (JPEG, JPEG-2000, MPEG-4), ασύρματης δικτύωσης (π.χ., Bluetooth) και ψηφιακής διαχείρισης δικαιωμάτων (π.χ., λύσεις DRM στη μουσική βιομηχανία)', 0);
INSERT INTO "Skills" ("SkillId", "Name", "Type")
VALUES (139, 'Ικανότητα αντίληψης των συνδυασμών γνώσεων επεξεργασίας σήματος, θεωρίας χρώματος, ψυχοακουστικής, θεωρίας της πληροφορίας, συμπίεσης και δικτύωσης για τη δημιουργία και λειτουργία συστημάτων πολυμέσων', 0);
INSERT INTO "Skills" ("SkillId", "Name", "Type")
VALUES (140, 'Δυνατότητα ανάπτυξης προχωρημένου λογισμικού Python/MATLAB/GNU Octave για την υλοποίηση αλγορίθμων, τεχνικών και μεθόδων επεξεργασίας πολυμεσικού περιεχομένου', 0);
INSERT INTO "Skills" ("SkillId", "Name", "Type")
VALUES (141, 'Διαχείριση φόρτου και άγχους', 1);
INSERT INTO "Skills" ("SkillId", "Name", "Type")
VALUES (142, 'Στρατηγικές λήψης αποφάσεων', 0);
INSERT INTO "Skills" ("SkillId", "Name", "Type")
VALUES (143, 'Ανάπτυξη εφαρμογών σε περιβάλλον της γλώσσας Prolog', 0);
INSERT INTO "Skills" ("SkillId", "Name", "Type")
VALUES (144, 'Εφαρμογή στρατηγικών αναζήτησης σε Prolog', 0);
INSERT INTO "Skills" ("SkillId", "Name", "Type")
VALUES (145, 'Εφαρμογή αναδρομικού προγραμματισμού, διαζευκτικού λογικού προγραμματισμού, πα-ράλληλου λογικού προγραμματισμού και μετα-λογικού', 0);
INSERT INTO "Skills" ("SkillId", "Name", "Type")
VALUES (146, 'Γνώση της δομής ενός συστήματος επεξεργασίας φυσικής γλώσσας', 0);
INSERT INTO "Skills" ("SkillId", "Name", "Type")
VALUES (147, 'Κατανόηση εννοιών παραγωγής λόγου', 0);
INSERT INTO "Skills" ("SkillId", "Name", "Type")
VALUES (148, 'Ανάπτυξη αλγορίθμων για λεκτική και συντακτική ανάλυση, εξαγωγή γνώσης, παραγωγή λόγου', 0);
INSERT INTO "Skills" ("SkillId", "Name", "Type")
VALUES (149, 'Κατανόησης των βασικών εννοιών των ασύρματων δικτύων.', 0);
INSERT INTO "Skills" ("SkillId", "Name", "Type")
VALUES (150, 'Εξοικείωση με τις αρχές διάδοσης και διαμόρφωσης σημάτων και διάκρισης των ειδών των παρεμβολών στο ασύρματο περιβάλλον των κινητών επικοινωνιών.', 0);
INSERT INTO "Skills" ("SkillId", "Name", "Type")
VALUES (151, 'Ικανότητα μοντελοποίησης θεμάτων διάδοσης ραδιοσήματος και ανάλυσης των επιπτώ-σεων τους στην απόδοση του συστήματος επικοινωνιών.', 0);
INSERT INTO "Skills" ("SkillId", "Name", "Type")
VALUES (152, 'Κατανόηση των βασικών αρχών και εννοιών των δικτύων υψηλών ταχυτήτων (ενσύρματων και ασύρματων).', 0);
INSERT INTO "Skills" ("SkillId", "Name", "Type")
VALUES (153, 'Ικανότητα διάκρισης των δικτύων υψηλών ταχυτήτων από τα υπόλοιπα και εντοπισμού των βασικών χαρακτηριστικών τους.', 0);
INSERT INTO "Skills" ("SkillId", "Name", "Type")
VALUES (154, 'Ικανότητα αξιολόγησης των παραμέτρων λειτουργίας και την απόδοσης ενός δικτύου.', 0);
INSERT INTO "Skills" ("SkillId", "Name", "Type")
VALUES (155, 'Κατανόηση αρχιτεκτονικής σύγχρονων επεξεργαστών', 0);
INSERT INTO "Skills" ("SkillId", "Name", "Type")
VALUES (156, 'Γνώση βασικών μηχανισμών απόδοσης των σύγχρονων επεξεργαστών', 0);
INSERT INTO "Skills" ("SkillId", "Name", "Type")
VALUES (157, 'Χρήση εργαλείων προσομοίωσης σύγχρονων επεξεργαστών', 0);
INSERT INTO "Skills" ("SkillId", "Name", "Type")
VALUES (158, 'Ανάλυση απόδοσης προγραμμάτων και κατανάλωσης ενέργειας ενός σύγχρονου υπολογι-στή ', 0);
INSERT INTO "Skills" ("SkillId", "Name", "Type")
VALUES (159, 'Κατανόηση βασικών εννοιών τηλεπικοινωνιών και ασύρματων δικτύων.', 0);
INSERT INTO "Skills" ("SkillId", "Name", "Type")
VALUES (160, 'Χρήση Εργαλειών Ανάπτυξης και Αποσφαλμάτωσης Λογισμικού', 0);
INSERT INTO "Skills" ("SkillId", "Name", "Type")
VALUES (161, 'Ανάπτυξη εφαρμογών AR/VR, IoT, έξυπνων υπηρεσιών ', 0);
INSERT INTO "Skills" ("SkillId", "Name", "Type")
VALUES (162, 'Κατανόηση μεθοδολογίας σχεδίασης σύγχρονων ψηφιακών κυκλωμάτων ', 0);
INSERT INTO "Skills" ("SkillId", "Name", "Type")
VALUES (163, 'Ανάπτυξη ψηφιακών κυκλωμάτων με VHDL', 0);
INSERT INTO "Skills" ("SkillId", "Name", "Type")
VALUES (164, 'Εφαρμογή τεχνικών βελτίωσης ψηφιακών κυκλωμάτων ', 0);
INSERT INTO "Skills" ("SkillId", "Name", "Type")
VALUES (165, 'Γνώση αρχιτεκτονικής προγραμματισμού συσκευών FPGA', 0);
INSERT INTO "Skills" ("SkillId", "Name", "Type")
VALUES (166, 'Ικανότητα αξιολόγησης της ασφάλειας που προσφέρει ένας αλγόριθμος κρυπτογράφησης.', 0);
INSERT INTO "Skills" ("SkillId", "Name", "Type")
VALUES (167, 'Ικανότητα διάκρισης και κατηγοριοποίησης των ειδών και της χρήσης των αλγόριθμων.', 0);
INSERT INTO "Skills" ("SkillId", "Name", "Type")
VALUES (168, 'Κατανόηση των μεθόδων και παραμέτρων σχεδιασμού και ανάπτυξης πρωτοκόλλων.', 0);
INSERT INTO "Skills" ("SkillId", "Name", "Type")
VALUES (169, 'Ικανότητα εντοπισμού και αξιολόγησης πιθανών κενών ασφαλείας ενός πρωτοκόλλου. ', 0);
INSERT INTO "Skills" ("SkillId", "Name", "Type")
VALUES (170, 'Ικανότητα αναγνώρισης και εφαρμογής των διαφόρων σταδίων προπαρασκευής δεδομέ-νων.', 0);
INSERT INTO "Skills" ("SkillId", "Name", "Type")
VALUES (171, 'Ικανότητα επιλογής μεταξύ διαφορετικών αλγορίθμων και τεχνικών για την εκάστοτε ανά-λυση αναλόγως της φύσης των δεομένων', 0);
INSERT INTO "Skills" ("SkillId", "Name", "Type")
VALUES (172, 'Πλήρης ενημέρωση σχετικά με την περαιτέρω εξειδίκευση στο χώρο της Επιστήμης Δεδο-μένων', 0);
INSERT INTO "Skills" ("SkillId", "Name", "Type")
VALUES (173, 'Προσδιορισμός βασικών αρχών πολυκριτηριακής ανάλυσης εφαρμογή τους', 0);
INSERT INTO "Skills" ("SkillId", "Name", "Type")
VALUES (174, 'Προσδιορισμός βασικών μοντέλων υποστήριξης αποφάσεων ', 0);
INSERT INTO "Skills" ("SkillId", "Name", "Type")
VALUES (175, 'Κατανόηση της μεθόδου Data Envelopment Analysis (DEA) στο πλαίσιο της μέτρησης της αποδοτικότητας μονάδων απόφασης (Decision making units)', 0);
INSERT INTO "Skills" ("SkillId", "Name", "Type")
VALUES (176, 'Κατανόηση εννοιών Συστημικής Ανάλυσης ', 0);
INSERT INTO "Skills" ("SkillId", "Name", "Type")
VALUES (177, 'Δημιουργία μοντέλων Συστημικής Ανάλυσης ', 0);
INSERT INTO "Skills" ("SkillId", "Name", "Type")
VALUES (178, 'Διάκριση επιπέδων δυναμικής συστημικής ', 0);
INSERT INTO "Skills" ("SkillId", "Name", "Type")
VALUES (179, 'Υλοποίηση ανάλυσης Συστημάτων από απόσταση', 0);
INSERT INTO "Skills" ("SkillId", "Name", "Type")
VALUES (180, 'Ανάπτυξη εφαρμογών εικονικής πραγματικότητας σε Unity3D ', 0);
INSERT INTO "Skills" ("SkillId", "Name", "Type")
VALUES (181, 'Διαχείριση τρισδιάστατων μοντέλων αντικειμένων, κάμερας, ήχου, διάφορα είδη υφής, animations, κ.α. ', 0);
INSERT INTO "Skills" ("SkillId", "Name", "Type")
VALUES (182, 'Εντοπισμός και επίλυση τυχόν προβλημάτων σε λειτουργικό επίπεδο ', 0);
INSERT INTO "Skills" ("SkillId", "Name", "Type")
VALUES (183, 'Κατηγοριοποίηση Τελεστών ', 0);
INSERT INTO "Skills" ("SkillId", "Name", "Type")
VALUES (184, 'Ανάπτυξη αλγορίθμων επεξεργασίας δισδιάστατης εικόνας ', 0);
INSERT INTO "Skills" ("SkillId", "Name", "Type")
VALUES (185, 'Μελέτη αντικειμένων σε εικόνες και περιγραφή σχήματος αντικειμένων ', 0);
INSERT INTO "Skills" ("SkillId", "Name", "Type")
VALUES (186, 'Ανάλυση έγχρωμων και πολυφασματικών εικόνων ', 0);
INSERT INTO "Skills" ("SkillId", "Name", "Type")
VALUES (187, 'Ανάλυση και σύγκριση μοντέλων ανάπτυξης λογισμικού ', 0);
INSERT INTO "Skills" ("SkillId", "Name", "Type")
VALUES (188, 'Χρήση του Android Studio για την ανάπτυξη κινητών εφαρμογών ', 0);
INSERT INTO "Skills" ("SkillId", "Name", "Type")
VALUES (189, 'Ανάπτυξη native mobile apps με χρήση του Android SDK ', 0);
INSERT INTO "Skills" ("SkillId", "Name", "Type")
VALUES (190, 'Χρήση τοπικών (SQLite) βάσεων δεδομένων', 0);
INSERT INTO "Skills" ("SkillId", "Name", "Type")
VALUES (191, 'Κατανόηση βασικών αρχών κατανεμημένων συστημάτων ', 0);
INSERT INTO "Skills" ("SkillId", "Name", "Type")
VALUES (192, 'Κατανόηση βασικών αρχών πολυπύρηνων επεξεργαστών ', 0);
INSERT INTO "Skills" ("SkillId", "Name", "Type")
VALUES (193, 'Χρήση κατανεμημένων και πολυεπεξεργαστικών συστημάτων ', 0);
INSERT INTO "Skills" ("SkillId", "Name", "Type")
VALUES (194, 'Εμπειρία στην ανάπτυξη κατανεμημένων εφαρμογών με χρήση σύγχρονων προγραμματιστικών μο-ντέλων, Java RMI και Java Threads ', 0);
INSERT INTO "Skills" ("SkillId", "Name", "Type")
VALUES (195, 'Κατανόηση βασικών αρχών αρχιτεκτονικών συστημάτων ασύρματων και κινητών επικοινωνιών. ', 0);
INSERT INTO "Skills" ("SkillId", "Name", "Type")
VALUES (196, 'Κατανόηση τεχνικών κατανομής πόρων σε συστήματα πολλαπλών χρηστών', 0);
INSERT INTO "Skills" ("SkillId", "Name", "Type")
VALUES (197, 'Γνώση τεχνικών σηματοδοσίας, διαχείρισης κινητικότητας και το πρωτόκολλο Mobile IP. ', 0);
INSERT INTO "Skills" ("SkillId", "Name", "Type")
VALUES (198, 'Αναγνώριση  βασικών αρχών Δικτύων Κατά Περίπτωση (Ad-hoc), καθώς και των Ασύρματων Προσω-πικών Δικτύων (Bluetooth)', 0);
INSERT INTO "Skills" ("SkillId", "Name", "Type")
VALUES (199, 'Κατανόηση απαιτήσεων ασφάλειας πληροφοριακών συστημάτων ', 0);
INSERT INTO "Skills" ("SkillId", "Name", "Type")
VALUES (200, 'Εντοπισμός θεωρητικών και πρακτικών ζητημάτων ασφάλειας πληροφοριακών συστημάτων ', 0);
INSERT INTO "Skills" ("SkillId", "Name", "Type")
VALUES (201, 'Κατανόηση δομικών και λειτουργικών χαρακτηριστικών των κρυπτογραφικών συστημάτων ', 0);
INSERT INTO "Skills" ("SkillId", "Name", "Type")
VALUES (202, 'Υλοποίηση μέσω προσομοίωσης τεχνικών και εφαρμογών σε δεδομένες καταστάσεις απειλών ή κιν-δύνων ', 0);
INSERT INTO "Skills" ("SkillId", "Name", "Type")
VALUES (203, 'Κατανόηση βασικών εννοιών ασφαλείας υπολογιστικών δικτύων TCP/IP ', 0);
INSERT INTO "Skills" ("SkillId", "Name", "Type")
VALUES (204, 'Πρόβλεψη αδυναμιών και αστοχιών υπολογιστικών δικτύων', 0);
INSERT INTO "Skills" ("SkillId", "Name", "Type")
VALUES (205, 'Ανάλυση τρόπων τρωτών σημείων ', 0);
INSERT INTO "Skills" ("SkillId", "Name", "Type")
VALUES (206, 'Σχεδιασμός νέων τεχνικών/μεθόδων για την ανάλυση των δεδομένων', 0);
INSERT INTO "Skills" ("SkillId", "Name", "Type")
VALUES (207, 'Πρακτική εφαρμογή συστημάτων ασφάλειας δικτύων', 0);
INSERT INTO "Skills" ("SkillId", "Name", "Type")
VALUES (208, 'Μελέτη και ανάλυση της επιχειρηματικότητας και της καινοτομίας στο σύγχρονο επιχειρηματικό πε-ριβάλλον ', 0);
INSERT INTO "Skills" ("SkillId", "Name", "Type")
VALUES (209, 'Εμβάθυνση στη στρατηγική του Ηλεκτρονικού Επιχειρείν ', 0);
INSERT INTO "Skills" ("SkillId", "Name", "Type")
VALUES (210, 'Ανάπτυξη μεθόδων διαχείρισης Πελατειακών Σχέσεων ', 0);
INSERT INTO "Skills" ("SkillId", "Name", "Type")
VALUES (211, 'Κατανόηση βασικών εννοιών Ηλεκτρονικού Επιχειρείν και της Καινοτομίας', 0);
INSERT INTO "Skills" ("SkillId", "Name", "Type")
VALUES (212, 'Γνώση νέων τεχνολογιών που αφορούν τα πληροφοριακά συστήματα στο διαδίκτυο. ', 0);
INSERT INTO "Skills" ("SkillId", "Name", "Type")
VALUES (213, 'Γνώση δικτυοκεντρικών πληροφοριακών συστημάτων και υπολογισμών ', 0);
INSERT INTO "Skills" ("SkillId", "Name", "Type")
VALUES (214, 'Υλοποίηση μικροεφαρμογών (Java Applets/Servlets) ', 0);
INSERT INTO "Skills" ("SkillId", "Name", "Type")
VALUES (215, 'Αναγνώριση βασικών εννοιών υπηρεσιοστραφούς αρχιτεκτονικής (SOA). ', 0);
INSERT INTO "Skills" ("SkillId", "Name", "Type")
VALUES (216, 'Κατανόηση βασικών διαδικασιών μίας μηχανής αναζήτησης ', 0);
INSERT INTO "Skills" ("SkillId", "Name", "Type")
VALUES (217, 'Αναγνώριση προεπεξεργασίας για την επεξεργασία ερωτήσεων των χρηστών μίας μηχανής αναζήτη-σης. ', 0);
INSERT INTO "Skills" ("SkillId", "Name", "Type")
VALUES (218, 'Αποτίμηση απόδοσης μηχανών αναζήτησης ', 0);
INSERT INTO "Skills" ("SkillId", "Name", "Type")
VALUES (219, 'Εντοπισμός άστοχων απαντήσεων σε ερωτήσεις αναζήτησης ', 0);
INSERT INTO "Skills" ("SkillId", "Name", "Type")
VALUES (220, 'Επέκταση φάσματος λύσεων μέσω έρευνας.', 0);
INSERT INTO "Skills" ("SkillId", "Name", "Type")
VALUES (221, 'Αναγνώριση βασικών ιδιοτήτων συστημάτων προσομοίωσης ', 0);
INSERT INTO "Skills" ("SkillId", "Name", "Type")
VALUES (222, 'Διάκριση επιπέδων δυναμικής προσομοίωσης ', 0);
INSERT INTO "Skills" ("SkillId", "Name", "Type")
VALUES (223, 'Κατηγοριοποίηση μοντέλων Προσομοίωσης και Υβριδικής Προσομοίωσης', 0);
INSERT INTO "Skills" ("SkillId", "Name", "Type")
VALUES (224, 'Προγραμματισμός μοντέλων προσομοίωσης με τη χρήση των κατάλληλων λογισμικών ', 0);
INSERT INTO "Skills" ("SkillId", "Name", "Type")
VALUES (225, 'Θα γνωρίζουν βασικές έννοιες και θα διακρίνουν τα χαρακτηριστικά των έργων και των λειτουργιών ', 0);
INSERT INTO "Skills" ("SkillId", "Name", "Type")
VALUES (226, 'Θα κατανοούν τις δομές και το πλαίσιο ενός έργου πληροφορικής ', 0);
INSERT INTO "Skills" ("SkillId", "Name", "Type")
VALUES (227, 'Θα ταξινομούν τις φάσεις και θα περιγράφουν τα βασικά χαρακτηριστικά της διοίκησης του έργου πληροφορικής ', 0);
INSERT INTO "Skills" ("SkillId", "Name", "Type")
VALUES (228, 'Θα ορίζουν το αντικείμενο και θα αναλύουν το περιβάλλον του έργου ', 0);
INSERT INTO "Skills" ("SkillId", "Name", "Type")
VALUES (229, 'Υλοποίηση ενός εκπαιδευτικού λογισμικού ', 0);
INSERT INTO "Skills" ("SkillId", "Name", "Type")
VALUES (230, 'Αναγνώριση θεωριών μάθησης ', 0);
INSERT INTO "Skills" ("SkillId", "Name", "Type")
VALUES (231, 'Κατανόηση ιδιαιτεροτήτων της διδασκαλίας με ΤΠΕ ', 0);
INSERT INTO "Skills" ("SkillId", "Name", "Type")
VALUES (232, 'Εφαρμογή πρότυπων διδακτικών προσέγγισης με λογισμικό ', 0);
INSERT INTO "Skills" ("SkillId", "Name", "Type")
VALUES (233, 'Γνώση δειγματοληψίας/εγγραφής σημάτων ομιλίας/ήχου', 0);
INSERT INTO "Skills" ("SkillId", "Name", "Type")
VALUES (234, 'Ανάλυση προβλημάτων πραγματικών δεδομένων ', 0);
INSERT INTO "Skills" ("SkillId", "Name", "Type")
VALUES (235, 'Διαχείριση φόρτου και πολυπλοκότητας προβλημάτων πραγματικών δεδομένων', 0);
INSERT INTO "Skills" ("SkillId", "Name", "Type")
VALUES (236, 'Χρήση λογισμικού Python/MATLAB/GNU Octave για την υλοποίηση αλγορίθμων', 0);
INSERT INTO "Skills" ("SkillId", "Name", "Type")
VALUES (237, 'Κατανόηση διαφορών και χρήση ενός Αντιδρασιαούς πράκτορα (Reactive Agent) και ενός Βουλητικού πράκτορα (Deliberative Agent) ', 0);
INSERT INTO "Skills" ("SkillId", "Name", "Type")
VALUES (238, 'Εφαρμογή μοντέλων  “αντιλαμβάνομαι-αποφασίζω-ενεργώ” (Sense-Decide-Act), BDI (BeliefDesire-Intention), σε διάφορες περιπτώσεις πρακτόρων ', 0);
INSERT INTO "Skills" ("SkillId", "Name", "Type")
VALUES (239, 'Ανάπτυξη αλγορίθμων εύρεσης μονοπατιού (path finding), και σχεδιασμού ενεργειών (plan generation)', 0);
INSERT INTO "Skills" ("SkillId", "Name", "Type")
VALUES (240, 'Αξιολόγηση και σχεδιασμός ενεργειών βασισμένων σε κίνητρα και συναισθηματική υπολογιστική σε ευφυείς πράκτορες.', 0);

INSERT INTO "Tracks" ("TrackId", "Name")
VALUES (1, 'ΤΛΕΣ');
INSERT INTO "Tracks" ("TrackId", "Name")
VALUES (2, 'ΔΥΣ');
INSERT INTO "Tracks" ("TrackId", "Name")
VALUES (3, 'ΠΣΥ');

INSERT INTO "UniversityTests" ("UniversityTestId", "IsRevision", "Semester", "TrackId", "Year")
VALUES (1, FALSE, 1, NULL, 1);
INSERT INTO "UniversityTests" ("UniversityTestId", "IsRevision", "Semester", "TrackId", "Year")
VALUES (2, FALSE, 2, NULL, 1);
INSERT INTO "UniversityTests" ("UniversityTestId", "IsRevision", "Semester", "TrackId", "Year")
VALUES (3, TRUE, NULL, NULL, 1);
INSERT INTO "UniversityTests" ("UniversityTestId", "IsRevision", "Semester", "TrackId", "Year")
VALUES (4, FALSE, 3, NULL, 2);
INSERT INTO "UniversityTests" ("UniversityTestId", "IsRevision", "Semester", "TrackId", "Year")
VALUES (5, FALSE, 4, NULL, 2);
INSERT INTO "UniversityTests" ("UniversityTestId", "IsRevision", "Semester", "TrackId", "Year")
VALUES (6, TRUE, NULL, NULL, 2);

INSERT INTO "CourseSkills" ("CourseId", "SkillId")
VALUES (1, 1);
INSERT INTO "CourseSkills" ("CourseId", "SkillId")
VALUES (1, 2);
INSERT INTO "CourseSkills" ("CourseId", "SkillId")
VALUES (1, 3);
INSERT INTO "CourseSkills" ("CourseId", "SkillId")
VALUES (1, 4);
INSERT INTO "CourseSkills" ("CourseId", "SkillId")
VALUES (1, 5);
INSERT INTO "CourseSkills" ("CourseId", "SkillId")
VALUES (1, 6);
INSERT INTO "CourseSkills" ("CourseId", "SkillId")
VALUES (1, 7);
INSERT INTO "CourseSkills" ("CourseId", "SkillId")
VALUES (1, 8);
INSERT INTO "CourseSkills" ("CourseId", "SkillId")
VALUES (1, 9);
INSERT INTO "CourseSkills" ("CourseId", "SkillId")
VALUES (2, 5);
INSERT INTO "CourseSkills" ("CourseId", "SkillId")
VALUES (2, 10);
INSERT INTO "CourseSkills" ("CourseId", "SkillId")
VALUES (2, 11);
INSERT INTO "CourseSkills" ("CourseId", "SkillId")
VALUES (2, 12);
INSERT INTO "CourseSkills" ("CourseId", "SkillId")
VALUES (2, 13);
INSERT INTO "CourseSkills" ("CourseId", "SkillId")
VALUES (2, 14);
INSERT INTO "CourseSkills" ("CourseId", "SkillId")
VALUES (2, 15);
INSERT INTO "CourseSkills" ("CourseId", "SkillId")
VALUES (2, 16);
INSERT INTO "CourseSkills" ("CourseId", "SkillId")
VALUES (3, 17);
INSERT INTO "CourseSkills" ("CourseId", "SkillId")
VALUES (3, 18);
INSERT INTO "CourseSkills" ("CourseId", "SkillId")
VALUES (3, 19);
INSERT INTO "CourseSkills" ("CourseId", "SkillId")
VALUES (3, 20);
INSERT INTO "CourseSkills" ("CourseId", "SkillId")
VALUES (3, 21);
INSERT INTO "CourseSkills" ("CourseId", "SkillId")
VALUES (3, 22);
INSERT INTO "CourseSkills" ("CourseId", "SkillId")
VALUES (3, 23);
INSERT INTO "CourseSkills" ("CourseId", "SkillId")
VALUES (3, 24);
INSERT INTO "CourseSkills" ("CourseId", "SkillId")
VALUES (3, 25);
INSERT INTO "CourseSkills" ("CourseId", "SkillId")
VALUES (3, 26);
INSERT INTO "CourseSkills" ("CourseId", "SkillId")
VALUES (3, 27);
INSERT INTO "CourseSkills" ("CourseId", "SkillId")
VALUES (3, 28);
INSERT INTO "CourseSkills" ("CourseId", "SkillId")
VALUES (4, 6);
INSERT INTO "CourseSkills" ("CourseId", "SkillId")
VALUES (4, 15);
INSERT INTO "CourseSkills" ("CourseId", "SkillId")
VALUES (4, 21);
INSERT INTO "CourseSkills" ("CourseId", "SkillId")
VALUES (4, 23);
INSERT INTO "CourseSkills" ("CourseId", "SkillId")
VALUES (4, 29);
INSERT INTO "CourseSkills" ("CourseId", "SkillId")
VALUES (4, 30);
INSERT INTO "CourseSkills" ("CourseId", "SkillId")
VALUES (4, 31);
INSERT INTO "CourseSkills" ("CourseId", "SkillId")
VALUES (4, 32);
INSERT INTO "CourseSkills" ("CourseId", "SkillId")
VALUES (5, 9);
INSERT INTO "CourseSkills" ("CourseId", "SkillId")
VALUES (5, 21);
INSERT INTO "CourseSkills" ("CourseId", "SkillId")
VALUES (5, 37);
INSERT INTO "CourseSkills" ("CourseId", "SkillId")
VALUES (5, 44);
INSERT INTO "CourseSkills" ("CourseId", "SkillId")
VALUES (5, 45);
INSERT INTO "CourseSkills" ("CourseId", "SkillId")
VALUES (5, 46);
INSERT INTO "CourseSkills" ("CourseId", "SkillId")
VALUES (5, 47);
INSERT INTO "CourseSkills" ("CourseId", "SkillId")
VALUES (6, 7);
INSERT INTO "CourseSkills" ("CourseId", "SkillId")
VALUES (6, 8);
INSERT INTO "CourseSkills" ("CourseId", "SkillId")
VALUES (6, 9);
INSERT INTO "CourseSkills" ("CourseId", "SkillId")
VALUES (6, 33);
INSERT INTO "CourseSkills" ("CourseId", "SkillId")
VALUES (6, 34);
INSERT INTO "CourseSkills" ("CourseId", "SkillId")
VALUES (6, 35);
INSERT INTO "CourseSkills" ("CourseId", "SkillId")
VALUES (6, 36);
INSERT INTO "CourseSkills" ("CourseId", "SkillId")
VALUES (6, 37);
INSERT INTO "CourseSkills" ("CourseId", "SkillId")
VALUES (7, 7);
INSERT INTO "CourseSkills" ("CourseId", "SkillId")
VALUES (7, 8);
INSERT INTO "CourseSkills" ("CourseId", "SkillId")
VALUES (7, 9);
INSERT INTO "CourseSkills" ("CourseId", "SkillId")
VALUES (7, 38);
INSERT INTO "CourseSkills" ("CourseId", "SkillId")
VALUES (7, 39);
INSERT INTO "CourseSkills" ("CourseId", "SkillId")
VALUES (7, 40);
INSERT INTO "CourseSkills" ("CourseId", "SkillId")
VALUES (7, 41);
INSERT INTO "CourseSkills" ("CourseId", "SkillId")
VALUES (7, 43);
INSERT INTO "CourseSkills" ("CourseId", "SkillId")
VALUES (7, 44);
INSERT INTO "CourseSkills" ("CourseId", "SkillId")
VALUES (8, 7);
INSERT INTO "CourseSkills" ("CourseId", "SkillId")
VALUES (8, 9);
INSERT INTO "CourseSkills" ("CourseId", "SkillId")
VALUES (8, 41);
INSERT INTO "CourseSkills" ("CourseId", "SkillId")
VALUES (8, 42);
INSERT INTO "CourseSkills" ("CourseId", "SkillId")
VALUES (8, 43);
INSERT INTO "CourseSkills" ("CourseId", "SkillId")
VALUES (8, 48);
INSERT INTO "CourseSkills" ("CourseId", "SkillId")
VALUES (8, 49);
INSERT INTO "CourseSkills" ("CourseId", "SkillId")
VALUES (8, 50);
INSERT INTO "CourseSkills" ("CourseId", "SkillId")
VALUES (8, 51);
INSERT INTO "CourseSkills" ("CourseId", "SkillId")
VALUES (9, 6);
INSERT INTO "CourseSkills" ("CourseId", "SkillId")
VALUES (9, 41);
INSERT INTO "CourseSkills" ("CourseId", "SkillId")
VALUES (9, 52);
INSERT INTO "CourseSkills" ("CourseId", "SkillId")
VALUES (9, 53);
INSERT INTO "CourseSkills" ("CourseId", "SkillId")
VALUES (9, 54);
INSERT INTO "CourseSkills" ("CourseId", "SkillId")
VALUES (9, 55);
INSERT INTO "CourseSkills" ("CourseId", "SkillId")
VALUES (9, 56);
INSERT INTO "CourseSkills" ("CourseId", "SkillId")
VALUES (9, 57);
INSERT INTO "CourseSkills" ("CourseId", "SkillId")
VALUES (9, 58);
INSERT INTO "CourseSkills" ("CourseId", "SkillId")
VALUES (10, 6);
INSERT INTO "CourseSkills" ("CourseId", "SkillId")
VALUES (10, 41);
INSERT INTO "CourseSkills" ("CourseId", "SkillId")
VALUES (10, 43);
INSERT INTO "CourseSkills" ("CourseId", "SkillId")
VALUES (10, 59);
INSERT INTO "CourseSkills" ("CourseId", "SkillId")
VALUES (10, 60);
INSERT INTO "CourseSkills" ("CourseId", "SkillId")
VALUES (10, 61);
INSERT INTO "CourseSkills" ("CourseId", "SkillId")
VALUES (10, 62);
INSERT INTO "CourseSkills" ("CourseId", "SkillId")
VALUES (10, 63);
INSERT INTO "CourseSkills" ("CourseId", "SkillId")
VALUES (11, 8);
INSERT INTO "CourseSkills" ("CourseId", "SkillId")
VALUES (11, 64);
INSERT INTO "CourseSkills" ("CourseId", "SkillId")
VALUES (11, 65);
INSERT INTO "CourseSkills" ("CourseId", "SkillId")
VALUES (11, 66);
INSERT INTO "CourseSkills" ("CourseId", "SkillId")
VALUES (11, 67);
INSERT INTO "CourseSkills" ("CourseId", "SkillId")
VALUES (11, 68);
INSERT INTO "CourseSkills" ("CourseId", "SkillId")
VALUES (11, 69);
INSERT INTO "CourseSkills" ("CourseId", "SkillId")
VALUES (11, 71);
INSERT INTO "CourseSkills" ("CourseId", "SkillId")
VALUES (11, 72);
INSERT INTO "CourseSkills" ("CourseId", "SkillId")
VALUES (12, 14);
INSERT INTO "CourseSkills" ("CourseId", "SkillId")
VALUES (12, 41);
INSERT INTO "CourseSkills" ("CourseId", "SkillId")
VALUES (12, 43);
INSERT INTO "CourseSkills" ("CourseId", "SkillId")
VALUES (12, 72);
INSERT INTO "CourseSkills" ("CourseId", "SkillId")
VALUES (12, 73);
INSERT INTO "CourseSkills" ("CourseId", "SkillId")
VALUES (12, 74);
INSERT INTO "CourseSkills" ("CourseId", "SkillId")
VALUES (12, 75);
INSERT INTO "CourseSkills" ("CourseId", "SkillId")
VALUES (12, 76);
INSERT INTO "CourseSkills" ("CourseId", "SkillId")
VALUES (12, 77);
INSERT INTO "CourseSkills" ("CourseId", "SkillId")
VALUES (13, 8);
INSERT INTO "CourseSkills" ("CourseId", "SkillId")
VALUES (13, 9);
INSERT INTO "CourseSkills" ("CourseId", "SkillId")
VALUES (13, 41);
INSERT INTO "CourseSkills" ("CourseId", "SkillId")
VALUES (13, 78);
INSERT INTO "CourseSkills" ("CourseId", "SkillId")
VALUES (13, 79);
INSERT INTO "CourseSkills" ("CourseId", "SkillId")
VALUES (13, 80);
INSERT INTO "CourseSkills" ("CourseId", "SkillId")
VALUES (13, 81);
INSERT INTO "CourseSkills" ("CourseId", "SkillId")
VALUES (14, 8);
INSERT INTO "CourseSkills" ("CourseId", "SkillId")
VALUES (14, 23);
INSERT INTO "CourseSkills" ("CourseId", "SkillId")
VALUES (14, 41);
INSERT INTO "CourseSkills" ("CourseId", "SkillId")
VALUES (14, 43);
INSERT INTO "CourseSkills" ("CourseId", "SkillId")
VALUES (14, 77);
INSERT INTO "CourseSkills" ("CourseId", "SkillId")
VALUES (14, 82);
INSERT INTO "CourseSkills" ("CourseId", "SkillId")
VALUES (14, 83);
INSERT INTO "CourseSkills" ("CourseId", "SkillId")
VALUES (14, 84);
INSERT INTO "CourseSkills" ("CourseId", "SkillId")
VALUES (14, 85);
INSERT INTO "CourseSkills" ("CourseId", "SkillId")
VALUES (14, 86);
INSERT INTO "CourseSkills" ("CourseId", "SkillId")
VALUES (14, 87);
INSERT INTO "CourseSkills" ("CourseId", "SkillId")
VALUES (14, 88);
INSERT INTO "CourseSkills" ("CourseId", "SkillId")
VALUES (14, 89);
INSERT INTO "CourseSkills" ("CourseId", "SkillId")
VALUES (15, 90);
INSERT INTO "CourseSkills" ("CourseId", "SkillId")
VALUES (15, 91);
INSERT INTO "CourseSkills" ("CourseId", "SkillId")
VALUES (15, 92);
INSERT INTO "CourseSkills" ("CourseId", "SkillId")
VALUES (15, 93);
INSERT INTO "CourseSkills" ("CourseId", "SkillId")
VALUES (15, 94);
INSERT INTO "CourseSkills" ("CourseId", "SkillId")
VALUES (15, 95);
INSERT INTO "CourseSkills" ("CourseId", "SkillId")
VALUES (15, 96);
INSERT INTO "CourseSkills" ("CourseId", "SkillId")
VALUES (15, 97);
INSERT INTO "CourseSkills" ("CourseId", "SkillId")
VALUES (16, 8);
INSERT INTO "CourseSkills" ("CourseId", "SkillId")
VALUES (16, 41);
INSERT INTO "CourseSkills" ("CourseId", "SkillId")
VALUES (16, 43);
INSERT INTO "CourseSkills" ("CourseId", "SkillId")
VALUES (16, 98);
INSERT INTO "CourseSkills" ("CourseId", "SkillId")
VALUES (16, 99);
INSERT INTO "CourseSkills" ("CourseId", "SkillId")
VALUES (16, 100);
INSERT INTO "CourseSkills" ("CourseId", "SkillId")
VALUES (16, 101);
INSERT INTO "CourseSkills" ("CourseId", "SkillId")
VALUES (16, 102);
INSERT INTO "CourseSkills" ("CourseId", "SkillId")
VALUES (16, 103);
INSERT INTO "CourseSkills" ("CourseId", "SkillId")
VALUES (17, 23);
INSERT INTO "CourseSkills" ("CourseId", "SkillId")
VALUES (17, 43);
INSERT INTO "CourseSkills" ("CourseId", "SkillId")
VALUES (17, 77);
INSERT INTO "CourseSkills" ("CourseId", "SkillId")
VALUES (17, 88);
INSERT INTO "CourseSkills" ("CourseId", "SkillId")
VALUES (17, 104);
INSERT INTO "CourseSkills" ("CourseId", "SkillId")
VALUES (17, 105);
INSERT INTO "CourseSkills" ("CourseId", "SkillId")
VALUES (17, 106);
INSERT INTO "CourseSkills" ("CourseId", "SkillId")
VALUES (17, 107);
INSERT INTO "CourseSkills" ("CourseId", "SkillId")
VALUES (17, 108);
INSERT INTO "CourseSkills" ("CourseId", "SkillId")
VALUES (18, 9);
INSERT INTO "CourseSkills" ("CourseId", "SkillId")
VALUES (18, 23);
INSERT INTO "CourseSkills" ("CourseId", "SkillId")
VALUES (18, 41);
INSERT INTO "CourseSkills" ("CourseId", "SkillId")
VALUES (18, 43);
INSERT INTO "CourseSkills" ("CourseId", "SkillId")
VALUES (18, 77);
INSERT INTO "CourseSkills" ("CourseId", "SkillId")
VALUES (18, 109);
INSERT INTO "CourseSkills" ("CourseId", "SkillId")
VALUES (18, 110);
INSERT INTO "CourseSkills" ("CourseId", "SkillId")
VALUES (18, 111);
INSERT INTO "CourseSkills" ("CourseId", "SkillId")
VALUES (18, 112);
INSERT INTO "CourseSkills" ("CourseId", "SkillId")
VALUES (18, 113);
INSERT INTO "CourseSkills" ("CourseId", "SkillId")
VALUES (18, 114);
INSERT INTO "CourseSkills" ("CourseId", "SkillId")
VALUES (19, 9);
INSERT INTO "CourseSkills" ("CourseId", "SkillId")
VALUES (19, 23);
INSERT INTO "CourseSkills" ("CourseId", "SkillId")
VALUES (19, 42);
INSERT INTO "CourseSkills" ("CourseId", "SkillId")
VALUES (19, 43);
INSERT INTO "CourseSkills" ("CourseId", "SkillId")
VALUES (19, 115);
INSERT INTO "CourseSkills" ("CourseId", "SkillId")
VALUES (19, 116);
INSERT INTO "CourseSkills" ("CourseId", "SkillId")
VALUES (19, 117);
INSERT INTO "CourseSkills" ("CourseId", "SkillId")
VALUES (20, 8);
INSERT INTO "CourseSkills" ("CourseId", "SkillId")
VALUES (20, 9);
INSERT INTO "CourseSkills" ("CourseId", "SkillId")
VALUES (20, 41);
INSERT INTO "CourseSkills" ("CourseId", "SkillId")
VALUES (20, 43);
INSERT INTO "CourseSkills" ("CourseId", "SkillId")
VALUES (20, 118);
INSERT INTO "CourseSkills" ("CourseId", "SkillId")
VALUES (20, 119);
INSERT INTO "CourseSkills" ("CourseId", "SkillId")
VALUES (20, 120);
INSERT INTO "CourseSkills" ("CourseId", "SkillId")
VALUES (20, 121);
INSERT INTO "CourseSkills" ("CourseId", "SkillId")
VALUES (20, 122);
INSERT INTO "CourseSkills" ("CourseId", "SkillId")
VALUES (21, 9);
INSERT INTO "CourseSkills" ("CourseId", "SkillId")
VALUES (21, 23);
INSERT INTO "CourseSkills" ("CourseId", "SkillId")
VALUES (21, 97);
INSERT INTO "CourseSkills" ("CourseId", "SkillId")
VALUES (21, 123);
INSERT INTO "CourseSkills" ("CourseId", "SkillId")
VALUES (21, 124);
INSERT INTO "CourseSkills" ("CourseId", "SkillId")
VALUES (21, 125);
INSERT INTO "CourseSkills" ("CourseId", "SkillId")
VALUES (21, 126);
INSERT INTO "CourseSkills" ("CourseId", "SkillId")
VALUES (22, 41);
INSERT INTO "CourseSkills" ("CourseId", "SkillId")
VALUES (22, 127);
INSERT INTO "CourseSkills" ("CourseId", "SkillId")
VALUES (22, 128);
INSERT INTO "CourseSkills" ("CourseId", "SkillId")
VALUES (22, 129);
INSERT INTO "CourseSkills" ("CourseId", "SkillId")
VALUES (22, 130);
INSERT INTO "CourseSkills" ("CourseId", "SkillId")
VALUES (23, 23);
INSERT INTO "CourseSkills" ("CourseId", "SkillId")
VALUES (23, 24);
INSERT INTO "CourseSkills" ("CourseId", "SkillId")
VALUES (23, 41);
INSERT INTO "CourseSkills" ("CourseId", "SkillId")
VALUES (23, 43);
INSERT INTO "CourseSkills" ("CourseId", "SkillId")
VALUES (23, 108);
INSERT INTO "CourseSkills" ("CourseId", "SkillId")
VALUES (23, 131);
INSERT INTO "CourseSkills" ("CourseId", "SkillId")
VALUES (23, 132);
INSERT INTO "CourseSkills" ("CourseId", "SkillId")
VALUES (23, 133);
INSERT INTO "CourseSkills" ("CourseId", "SkillId")
VALUES (46, 41);
INSERT INTO "CourseSkills" ("CourseId", "SkillId")
VALUES (46, 43);
INSERT INTO "CourseSkills" ("CourseId", "SkillId")
VALUES (46, 57);
INSERT INTO "CourseSkills" ("CourseId", "SkillId")
VALUES (46, 216);
INSERT INTO "CourseSkills" ("CourseId", "SkillId")
VALUES (46, 217);
INSERT INTO "CourseSkills" ("CourseId", "SkillId")
VALUES (46, 218);
INSERT INTO "CourseSkills" ("CourseId", "SkillId")
VALUES (46, 219);
INSERT INTO "CourseSkills" ("CourseId", "SkillId")
VALUES (46, 220);

INSERT INTO "Courses" ("CourseId", "Description", "Name", "Semester", "TrackId")
VALUES (24, 'Το μάθημα "Συστήματα Διαχείρισης Βάσεων Δεδομένων" εστιάζει στη διδασκαλία βασικών αρχών και τεχνικών για τη διαχείριση βάσεων δεδομένων. Περιλαμβάνει την ανάλυση της δομής των αρχείων και των ευρετηρίων που χρησιμοποιούνται για την αποθήκευση και την ανάκτηση δεδομένων από μια βάση.  Εξετάζει τεχνικές για το σχεδιασμό και τη βελτιστοποίηση ερωτή-σεων στη βάση δεδομένων. Επίσης, στα πλαίσια του μαθήματος. εξετάζονται θέματα που σχε-τίζονται με ειδικές αρχιτεκτονικές βάσεων δεδομένων, όπως οι κατανεμημένες βάσεις, οι παράλληλες βάσεις δεδομένων και οι αρχιτεκτονικές Big Data. Τέλος, περιλαμβάνει πρακτικές ασκήσεις πάνω σε δύο δημοφιλείς συστήματα διαχείρισης βάσεων δεδομένων, το PostgreSQL και το MongoDB.', 'ΣΥΣΤΗΜΑΤΑ ΔΙΑΧΕΙΡΙΣΗΣ ΒΑΣΕΩΝ ΔΕΔΟΜΕΝΩΝ', 5, 1);
INSERT INTO "Courses" ("CourseId", "Description", "Name", "Semester", "TrackId")
VALUES (25, 'Το μάθημα “Συστήματα Πολυμέσων” ασχολείται με την επιστημονική περιοχή στην οποία συ-ναντώνται και γονιμοποιούνται πληθώρα επιστημονικών πεδίων, όπως η επεξεργασία σήμα-τος, η θεωρία πληροφορίας και οι επικοινωνίες, με στόχο τη Δημιουργία, την Αποθήκευ-ση/Συμπίεση και τη Διανομή του Πολυμεσικού Περιεχομένου. Σκοπός, επομένως, του παρό-ντος μαθήματος είναι να παρουσιάσει με ενιαίο τρόπο τις θεμελιώδεις έννοιες της πολυμεσικής επεξεργασίας, τα προβλήματα που καλείται να επιλύσει η σχεδίαση πολυμεσικών συστημάτων και τις σημαντικότερες τεχνικές ψηφιοποίησης, συμπίεσης και διανομής πολυμεσικού περιεχομένου.', 'ΣΥΣΤΗΜΑΤΑ ΠΟΛΥΜΕΣΩΝ', 6, 1);
INSERT INTO "Courses" ("CourseId", "Description", "Name", "Semester", "TrackId")
VALUES (26, 'Το μάθημα "Λογικός Προγραμματισμός" εξετάζει την προτασιακή και κατηγορηματική λογική, αρχές απόφασης και στρατηγικές, μη μονότονη συμπερασματολογία και λογικό προγραμματι-σμό. Επικεντρώνεται στη γλώσσα Prolog και απλές εφαρμογές της, δομές δεδομένων, στρατη-γική αναζήτησης, αναδρομικό και διαζευκτικό προγραμματισμό, λογικό προγραμματισμό περιορισμών, παράλληλο προγραμματισμό, μεταλογικό προγραμματισμό και προχωρημένες εφαρμογές της Prolog.', 'ΛΟΓΙΚΟΣ ΠΡΟΓΡΑΜΜΑΤΙΣΜΟΣ', 5, 1);
INSERT INTO "Courses" ("CourseId", "Description", "Name", "Semester", "TrackId")
VALUES (27, 'Το μάθημα "Βιοπληροφορική" περιλαμβάνει ενότητες όπως εισαγωγή στη βιοπληροφορική, πρόσβαση σε βιολογικά δεδομένα, στοίχιση αλληλουχιών, χρήση του εργαλείου BLAST, πολ-λαπλή στοίχιση ακολουθιών, μοριακή φυλογένεση, ανάλυση δεδομένων DNA και RNA, γονιδιακή έκφραση και πρωτεϊνική ανάλυση.', 'ΕΠΕΞΕΡΓΑΣΙΑ ΦΥΣΙΚΗΣ ΓΛΩΣΣΑΣ', 6, 1);
INSERT INTO "Courses" ("CourseId", "Description", "Name", "Semester", "TrackId")
VALUES (28, 'Το μάθημα "Προηγμένα Θέματα Επικοινωνιών" επικεντρώνεται στην ανάλυση προηγμένων θεμάτων στον τομέα των επικοινωνιών. Στο μάθημα αυτό, εξετάζονται οι βασικές αρχές της α-σύρματης επικοινωνίας και η φυσική μοντελοποίηση των ασύρματων καναλιών. Επιπλέον, α-ναλύονται θέματα όπως η ασύρματη μετάδοση, η πολλαπλή πρόσβαση και η χωρητικότητα των καναλιών. Οι φοιτητές εξοικειώνονται με τις αρχιτεκτονικές των δικτύων επόμενης γενιάς (NGN) και τις αντίστοιχες εφαρμογές, καθώς και με τις δορυφορικές επικοινωνίες και τη σχεδίαση δορυφορικών ζεύξεων. Τέλος, αναλύονται οι ασύρματες δικτυακές τεχνολογίες πολλαπλών βημάτων και οι ασύρματες δικτυακές αισθητήρες (WSNs). Μέσω των περιεχομένων του μαθή-ματος, οι φοιτητές αποκτούν γνώσεις για τις προηγμένες τεχνολογίες επικοινωνιών και αναπτύσσουν τις απαιτούμενες δεξιότητες για την ανάλυση και σχεδίαση σύγχρονων επικοινωνιακών συστημάτων.', 'ΠΡΟΗΓΜΕΝΑ ΘΕΜΑΤΑ ΕΠΙΚΟΙΝΩΝΙΩΝ', 5, 2);
INSERT INTO "Courses" ("CourseId", "Description", "Name", "Semester", "TrackId")
VALUES (29, 'Το μάθημα "Δίκτυα Υψηλών Ταχυτήτων" αποσκοπεί στην απόκτηση των απαραίτητων γνώσεων για τον σχεδιασμό και την ανάπτυξη δικτύων υψηλών ταχυτήτων, εστιάζοντας στις πιο πρό-σφατες επιστημονικές και τεχνολογικές εξελίξεις του χώρου. Το μάθημα περιλαμβάνει έννοιες και πρωτόκολλα ευρυζωνικών ενσύρματων και ασύρματων δικτύων, δίκτυα μεταγωγής πακέ-των, οπτικά δίκτυα, τεχνολογίες xDSL, IP δίκτυα και υπηρεσίες, ασύρματα τοπικά δίκτυα, α-σύρματα ευρυζωνικά δίκτυα, δορυφορικές επικοινωνίες και Internet of Things (IoT). Η συμβολή του μαθήματος στην κάλυψη επαγγελματικών απαιτήσεων περιλαμβάνει την εισαγωγή σε βα-σικές αρχές και αρχιτεκτονικές δικτύων υψηλών ταχυτήτων, διάφορες τεχνολογίες στον τομέα αυτό, τις έννοιες των τεχνολογιών και προτύπων επικοινωνίας, καθώς και την προσομοίωση και αξιολόγηση δικτύων υψηλών ταχυτήτων.', 'ΔΙΚΤΥΑ ΥΨΗΛΩΝ ΤΑΧΥΤΗΤΩΝ', 6, 2);
INSERT INTO "Courses" ("CourseId", "Description", "Name", "Semester", "TrackId")
VALUES (30, 'Το μάθημα "Προηγμένη Αρχιτεκτονική Υπολογιστών" αποτελεί συνέχεια του μαθήματος κορμού Αρχιτεκτονική Υπολογιστών και εμβαθύνει σε θέματα οργάνωσης και σχεδίασης σύγχρονων επεξεργαστών υψηλής απόδοσης. Επικεντρώνεται στην τεχνική διοχέτευση (pipelining), ιεραρχία μνήμης (cache memory, virtual memory), συνδέσεις μεταξύ επεξεργαστή, μνήμης και συσκευών εισόδου/εξόδου, δυναμικό χρονοπογραμματισμό, πρόβλεψη διακλάδωσης και εικασία, καθώς και πολυνηματικούς και πολυπύρηνους επεξεργαστές.', 'ΠΡΟΗΓΜΕΝΗ ΑΡΧΙΤΕΚΤΟΝΙΚΗ ΥΠΟΛΟΓΙΣΤΩΝ', 5, 2);
INSERT INTO "Courses" ("CourseId", "Description", "Name", "Semester", "TrackId")
VALUES (31, 'Το μάθημα "Προηγμένη Αρχιτεκτονική Υπολογιστών" αποτελεί συνέχεια του μαθήματος κορ-μού "Αρχιτεκτονική Υπολογιστών" και έχει ως στόχο την εμβάθυνση των φοιτητών στην οργά-νωση και σχεδίαση σύγχρονων επεξεργαστών υψηλής απόδοσης. Θα δοθεί έμφαση στην τε-χνική της διοχέτευσης (pipelining) για την αύξηση της απόδοσης, στην ιεραρχία μνήμης με τη χρήση κρυφής μνήμης (cache memory) και εικονικής μνήμης (virtual memory), στις συνδέσεις μεταξύ επεξεργαστή, μνήμης και συσκευών εισόδου/εξόδου, στον δυναμικό χρονοπογραμματισμό, την πρόβλεψη διακλάδωσης και εικασία, καθώς και στους πολυνηματικούς και πολυπύρηνους επεξεργαστές.', 'ΠΡΟΓΡΑΜΜΑΤΙΣΜΟΣ ΣΥΣΤΗΜΑΤΩΝ, ΤΗΛΕΠΙΚΟΙΝΩΝΙΩΝ ΚΑΙ ΥΠΗΡΕΣΙΩΝ', 6, 2);
INSERT INTO "Courses" ("CourseId", "Description", "Name", "Semester", "TrackId")
VALUES (32, 'Το μάθημα "Σχεδίαση Υπολογιστικών Συστημάτων" εμβαθύνει στη σχεδίαση ψηφιακών συ-στημάτων, αποτελώντας συνέχεια του μαθήματος Λογικής Σχεδίασης Ψηφιακών Συστημάτων. Περιλαμβάνει θέματα όπως μοντελοποίηση κυκλωμάτων, γλώσσες περιγραφής υλικού (VHDL), σχεδίαση συνδυαστικών και ακολουθιακών κυκλωμάτων, μνήμες, μικροπεξεργαστές, προσο-μοίωση κυκλωμάτων, σύνθεση κυκλωμάτων και χρήση FPGAs στη σχεδίαση ψηφιακών κυ-κλωμάτων.', 'ΣΧΕΔΙΑΣΗ ΥΠΟΛΟΓΙΣΤΙΚΩΝ ΣΥΣΤΗΜΑΤΩΝ', 6, 2);
INSERT INTO "Courses" ("CourseId", "Description", "Name", "Semester", "TrackId")
VALUES (33, 'Το μάθημα "Κρυπτογραφία" παρέχει μια εισαγωγή στην κρυπτογραφία και την ιστορική της εξέλιξη. Στα πλαίσια του, γίνεται αναφορά σε μαθηματικές έννοιες, όπως οι ομάδες, τα πεπε-ρασμένα σώματα και οι δακτύλιοι, καθώς και ο αλγόριθμος του Ευκλείδη και η συνάρτηση του Euler. Εξετάζονται αλγόριθμοι ιδιωτικού κλειδιού, όπως η μονοαλφαβητική αντικατάσταση και οι αλγόριθμοι του Καίσαρα, Vigenere και Hill. Επίσης, αναλύονται αλγόριθμοι κρυπτογράφησης όπως οι DES και AES. Το μάθημα περιλαμβάνει, επίσης, ομομορφική κρυπτογραφία, συναρτή-σεις κατακερματισμού, ψηφιακές υπογραφές και εφαρμογές της κρυπτογραφίας και των πρω-τοκόλλων. Τέλος, παρουσιάζονται θέματα υλοποίησης και ανάλυση κρυπτογράφησης, όπως η γραμμική και διαφορική κρυπτανάλυση και οι αλγόριθμοι παραγοντοποίησης.', 'ΚΡΥΠΤΟΓΡΑΦΙΑ', 5, 3);
INSERT INTO "Courses" ("CourseId", "Description", "Name", "Semester", "TrackId")
VALUES (34, 'Το μάθημα "Αναλυτική Δεδομένων" παρέχει γνώσεις σχετικά με τη σχεδίαση και υλοποίηση μεθόδων και τεχνικών Αναλυτικής Δεδομένων, η οποία είναι μια από τις πιο σύγχρονες τάσεις στην περιοχή της Πληροφορικής και της Επιστήμης Δεδομένων (Data Science). Το μάθημα πε-ριλαμβάνει εισαγωγή στην Αναλυτική Δεδομένων και προπαρασκευή δεδομένων (Data Preprocessing) για αναλυτικούς σκοπούς. Εξετάζει επίσης αλγορίθμους και τεχνικές Αναλυτικής Δεδομένων, όπως κατηγοριοποίηση/ταξινόμηση και εξόρυξη συχνών προτύπων. Δίνεται επίσης έμφαση σε ειδικά θέματα, όπως η ανάλυση δεδομένων ήχου/εικόνας και γεωγραφικής πληρο-φορίας. Οι φοιτητές πραγματοποιούν εργαστηριακές ασκήσεις χρησιμοποιώντας δημοφιλείς γλώσσες προγραμματισμού, όπως το R και το Python.', 'ΑΝΑΛΥΤΙΚΗ ΔΕΔΟΜΕΝΩΝ', 6, 3);
INSERT INTO "Courses" ("CourseId", "Description", "Name", "Semester", "TrackId")
VALUES (35, 'Το μάθημα "ΣΥΣΤΗΜΑΤΑ ΥΠΟΣΤΗΡΙΞΗΣ ΑΠΟΦΑΣΕΩΝ" περιλαμβάνει εισαγωγικές έννοιες, εισα-γωγή στα συστήματα υποστήριξης αποφάσεων, αναλυτικά μοντέλα υποστήριξης αποφάσεων με προσανατολισμό στις προτιμήσεις και με προσανατολισμό στα δεδομένα, μεθοδολογίες α-νάπτυξης, μέθοδοι και τεχνικές πολυκριτηριακής ανάλυσης αποφάσεων, καθώς και την περι-βάλλουσα ανάλυση δεδομένων ως μέθοδο αποτίμησης αποδοτικότητας συστημάτων.', 'ΣΥΣΤΗΜΑΤΑ ΥΠΟΣΤΗΡΙΞΗΣ ΑΠΟΦΑΣΕΩΝ', 6, 3);
INSERT INTO "Courses" ("CourseId", "Description", "Name", "Semester", "TrackId")
VALUES (36, 'Το μάθημα "ΣΥΣΤΗΜΙΚΗ ΑΝΑΛΥΣΗ" περιλαμβάνει τις βασικές έννοιες της συστημικής σκέψης στην ανάλυση συστημάτων, τη συστημική προσέγγιση στην ανάλυση συστημάτων, την οργανωτική κυβερνητική συστημάτων, στρατηγικές μεθοδολογίες υπόθεσης, διαμόρφωσης και δοκιμής συστημάτων, μεθοδολογίες σχεδιασμού και ελέγχου συστημάτων και μετασυστημάτων, πολύ-μεθοδολογίες προσέγγισης συστημάτων και πραγματικές εφαρμογές συστημικών μεθοδολογιών στη λειτουργία διεργασιών.', 'ΣΥΣΤΗΜΙΚΗ ΑΝΑΛΥΣΗ', 6, 3);
INSERT INTO "Courses" ("CourseId", "Description", "Name", "Semester", "TrackId")
VALUES (37, 'Το μάθημα "ΕΙΚΟΝΙΚΗ ΠΡΑΓΜΑΤΙΚΟΤΗΤΑ" ασχολείται με τη δομή, τη λειτουργία και την ανάπτυξη εφαρμογών εικονικής πραγματικότητας. Παρουσιάζονται οι κατηγορίες συστημάτων εικονικής πραγ-ματικότητας, οι τρισδιάστατοι κόσμοι γραφικών, τα τρισδιάστατα μοντέλα αντικειμένων και η υφή επιφάνειας αντικειμένων. Επίσης, περιλαμβάνεται η διαχείριση πηγών φωτός, ήχων και κάμερας, καθώς και η δημιουργία animations. Η πλατφόρμα Unity3D αποτελεί το περιβάλλον ανάπτυξης και εξερευνάται η ανάπτυξη εφαρμογών εικονικής πραγματικότητας μέσω αυτής της πλατφόρμας.', 'ΕΙΚΟΝΙΚΗ ΠΡΑΓΜΑΤΙΚΟΤΗΤΑ', 7, 1);
INSERT INTO "Courses" ("CourseId", "Description", "Name", "Semester", "TrackId")
VALUES (38, 'Το μάθημα "ΑΝΑΛΥΣΗ ΕΙΚΟΝΑΣ" επικεντρώνεται στην ανάπτυξη αλγορίθμων που επιτρέπουν σε μηχανές να κατανοούν τον οπτικό κόσμο. Εντάσσεται στο πεδίο της Τεχνητής Νοημοσύνης και έχει ως στόχο να παρουσιάσει τεχνικές και μεθοδολογίες για προβλήματα ανάλυσης εικόνας. Το περιεχόμενο του μαθήματος περιλαμβάνει εισαγωγή στην ανάλυση εικόνας, τελεστές, κατάτμηση εικόνας, με-τρήσεις αντικειμένου εικόνας, ανάλυση έγχρωμης και πολυφασματικής εικόνας, γεωμετρικές προβο-λές, τρισδιάστατη όραση, στερεοσκοπική ανάλυση, ειδικά θέματα ανάλυσης εικόνας όπως σύντηξη αισθητηρίων και βάσεις δεδομένων εικόνων.', 'ΑΝΑΛΥΣΗ ΕΙΚΟΝΑΣ', 7, 1);
INSERT INTO "Courses" ("CourseId", "Description", "Name", "Semester", "TrackId")
VALUES (39, 'Το μάθημα "ΣΥΓΧΡΟΝΑ ΘΕΜΑΤΑ ΤΕΧΝΟΛΟΓΙΑΣ ΛΟΓΙΣΜΙΚΟΥ" επικεντρώνεται στα σύγχρονα ζητήματα της τεχνολογίας λογισμικού. Περιλαμβάνει μοντέλα ανάπτυξης λογισμικού, δομημένη και αντικειμε-νοστρεφή ανάλυση, αρχιτεκτονικό σχεδιασμό και ανάπτυξη εφαρμογών για σύγχρονες κινητές συ-σκευές με ενσωματωμένο λειτουργικό σύστημα. Αναλύονται τα δημοφιλέστερα λειτουργικά συστή-ματα και εργαλεία ανάπτυξης, ενώ επικεντρώνεται κυρίως στην αντικειμενοστρεφή γλώσσα προ-γραμματισμού Java και την ανάπτυξη εφαρμογών για Android συσκευές. Επιπλέον, περιλαμβάνει αισθητήρες, γεοεντοπισμό και προχωρημένες τεχνικές προγραμματισμού όπως ασύγχρονος προγραμματισμός, υπηρεσίες Android, δέκτες εκπομπής και intents. Το μάθημα χρησιμοποιεί το περιβάλλον ανάπτυξης λογισμικού Android Studio.', 'ΣΥΓΧΡΟΝΑ ΘΕΜΑΤΑ ΤΕΧΝΟΛΟΓΙΑΣ ΛΟΓΙΣΜΙΚΟΥ', 7, 1);
INSERT INTO "Courses" ("CourseId", "Description", "Name", "Semester", "TrackId")
VALUES (40, 'Το μάθημα "Κατανεμημένα και Πολυεπεξεργαστικά Υπολογιστικά Συστήματα" εστιάζει σε προηγμένα θέματα από την περιοχή των κατανεμημένων συστημάτων και των πολυεπεξεργαστικών υπολογιστι-κών συστημάτων. Το μάθημα καλύπτει θέματα όπως η επικοινωνία και η αλληλεπίδραση σε κατανεμημένα συστήματα, η οργάνωση εξυπηρετητών και η διαχείριση διεργασιών, ο συγχρονισμός και η ανοχή σφαλμάτων, καθώς και ο προγραμματισμός σε πολυεπεξεργαστές. Επίσης, αναλύονται θέματα όπως οι κατανεμημένες δοσοληψίες, ο προγραμματισμός με CUDA και οι αρχιτεκτονικές GPU. Το μάθημα αποσκοπεί στην ανάπτυξη γνώσεων και δεξιοτήτων που αφορούν τη σχεδίαση και την ανάπτυξη προηγμένων κατανεμημένων και πολυεπεξεργαστικών υπολογιστικών συστημάτων.', 'ΚΑΤΑΝΕΜΗΜΕΝΑ ΚΑΙ ΠΟΛΥΕΠΕΞΕΡΓΑΣΤΙΚΑ ΥΠΟΛΟΓΙΣΤΙΚΑ ΣΥΣΤΗΜΑΤΑ', 7, 2);
INSERT INTO "Courses" ("CourseId", "Description", "Name", "Semester", "TrackId")
VALUES (41, 'Το μάθημα "Κινητές και Ασύρματες Επικοινωνίες" εστιάζει στις αρχές σχεδίασης και λειτουργίας των συστημάτων κινητών και ασύρματων επικοινωνιών. Καλύπτονται θέματα όπως η αρχιτεκτονική κυψελωτών συστημάτων, η κατανομή πόρων και η διαχείριση ραδιοδιαύλων, οι αρχές των συστημάτων 2G, 3G, 4G, 5G, η διαχείριση κινητικότητας, τα ασύρματα τοπικά δίκτυα (WLAN), καθώς και τα ασύρματα προσωπικά δίκτυα και τα δίκτυα μικρής εμβέλειας. Το μάθημα εξετάζει τις πιο πρόσφατες εξελίξεις στον χώρο και προσφέρει μια εκτεταμένη ανάλυση του θέματος.', 'ΚΙΝΗΤΕΣ ΚΑΙ ΑΣΥΡΜΑΤΕΣ ΕΠΙΚΟΙΝΩΝΙΕΣ', 7, 2);
INSERT INTO "Courses" ("CourseId", "Description", "Name", "Semester", "TrackId")
VALUES (42, 'Το μάθημα "ΑΣΦΑΛΕΙΑ ΠΛΗΡΟΦΟΡΙΑΚΩΝ ΣΥΣΤΗΜΑΤΩΝ" επικεντρώνεται στην ασφάλεια της πληρο-φορίας, των συστημάτων και των εφαρμογών κατά την ανάπτυξη και λειτουργία πληροφοριακών συστημάτων. Το μάθημα καλύπτει θέματα όπως εισαγωγικές έννοιες ασφάλειας συστημάτων, συστήματα διαχείρισης ασφάλειας, κρυπτογραφικά συστήματα, υποδομή δημόσιας κλειδαριάς, έλεγχο πρόσβασης και ιδιωτικότητα, ασφάλεια στις τεχνολογίες, ασφαλείς ηλεκτρονικές υπηρεσίες και εισαγωγή στην ασφάλεια δικτύων. Αυτά τα θέματα αποτελούν βασικές πτυχές για την προστασία των πληροφοριακών συστημάτων από απειλές και επιθέσεις.', 'ΑΣΦΑΛΕΙΑ ΠΛΗΡΟΦΟΡΙΑΚΩΝ ΣΥΣΤΗΜΑΤΩΝ', 7, 2);
INSERT INTO "Courses" ("CourseId", "Description", "Name", "Semester", "TrackId")
VALUES (43, 'Το μάθημα "Ασφάλεια Δικτύων" ασχολείται με τη θεωρητική και πρακτική μελέτη θεμάτων ασφά-λειας σε όλα τα επίπεδα δικτύων. Κατά τη διάρκεια του μαθήματος θα γίνει ανάλυση των παρακάτω ενοτήτων: εισαγωγή στην ασφάλεια δικτύων, ασφάλεια δρομολόγησης, σχεδιασμός συστημάτων Firewall, ιδιωτικά εικονικά δίκτυα (VPN), ασφάλεια επιπέδου δικτύου (IPSec) και ασφάλεια επιπέδου συνόδου (SSL/TLS). Μέσα από αυτές τις ενότητες οι φοιτητές θα εξοικειωθούν με τις βασικές αρχές και τεχνικές που αφορούν την ασφάλεια δικτύων.', 'ΑΣΦΑΛΕΙΑ ΔΙΚΤΥΩΝ', 8, 2);
INSERT INTO "Courses" ("CourseId", "Description", "Name", "Semester", "TrackId")
VALUES (44, 'Το μάθημα "Ηλεκτρονικό Επιχειρείν και Καινοτομία" παρουσιάζει το θεωρητικό και πρακτικό πλαίσιο για τη μελέτη και ανάλυση της επιχειρηματικότητας και της καινοτομίας στο σύγχρονο επιχειρηματι-κό περιβάλλον. Το μάθημα επικεντρώνεται στην ανάλυση και την ανάπτυξη εννοιών όπως η εισαγω-γή στο ηλεκτρονικό επιχειρείν και το ηλεκτρονικό εμπόριο, η διαχείριση της ψηφιακής υποδομής, η στρατηγική του ηλεκτρονικού επιχειρείν, η διοίκηση της εφοδιαστικής αλυσίδας, το ψηφιακό μάρκε-τινγκ, η διαχείριση σχέσεων με τους πελάτες και η υλοποίηση υπηρεσιών του ψηφιακού επιχειρείν. Μέσω μελετών περιπτώσεων, όπως η Amazon, το eBay και η Dell, εξετάζονται πρακτικά παραδείγματα καινοτόμων επιχειρηματικών λύσεων που εφαρμόζονται διεθνώς.', 'ΗΛΕΚΤΡΟΝΙΚΟ ΕΠΙΧΕΙΡΕΙΝ ΚΑΙ ΚΑΙΝΟΤΟΜΙΑ', 8, 2);
INSERT INTO "Courses" ("CourseId", "Description", "Name", "Semester", "TrackId")
VALUES (45, 'Το μάθημα "Πληροφοριακά Συστήματα στο Διαδίκτυο" επικεντρώνεται στη μελέτη των πληροφοριακών συστημάτων που λειτουργούν στο διαδίκτυο. Οι θεματικές ενότητες του μαθήματος περιλαμβά-νουν τον δικτυοκεντρικό υπολογισμό, το ηλεκτρονικό εμπόριο και ηλεκτρονικό επιχειρείν, τις νέες τεχνολογίες και εφαρμογές, τα κατανεμημένα συστήματα βασισμένα σε κείμενο, τις βασικές και προηγμένες τεχνικές προγραμματισμού και λειτουργίας στον παγκόσμιο ιστό, καθώς και τον διαδικτυακό προγραμματισμό με Java μέσω Servlets και JSP. Το μάθημα εστιάζει στην κατανόηση και ανάπτυξη πληροφοριακών συστημάτων σε ένα διαδικτυακό περιβάλλον.', 'ΠΛΗΡΟΦΟΡΙΑΚΑ ΣΥΣΤΗΜΑΤΑ ΣΤΟ ΔΙΑΔΙΚΤΥΟ', 8, 2);
INSERT INTO "Courses" ("CourseId", "Description", "Name", "Semester", "TrackId")
VALUES (47, 'Το μάθημα "ΠΡΟΣΟΜΟΙΩΣΗ ΣΥΣΤΗΜΑΤΩΝ" επικεντρώνεται στην εισαγωγή, ανάπτυξη και εφαρμογή μοντέλων προσομοίωσης συστημάτων. Παρουσιάζονται θέματα σχεδιασμού μοντέλων, παραγωγής τυχαίων αριθμών και τυχαίων μεταβλητών, στοχαστικών μοντέλων, κατασκευής μοντέλων προσομοίωσης, αντικειμενοστραφούς προσομοίωσης και παρουσίασης λογισμικών προσομοίωσης όπως το VENSIM, AnyLogic και Forio. Επίσης, εξετάζονται οι εφαρμογές της προσομοίωσης σε πληροφοριακά συστήματα και δίκτυα υπολογιστών. Το μάθημα συμβάλλει στην απόκτηση βασικών γνώσεων για την προσομοίωση συστημάτων και την εφαρμογή τους στο πεδίο της πληροφορικής.', 'ΠΡΟΣΟΜΟΙΩΣΗ ΣΥΣΤΗΜΑΤΩΝ', 7, 3);
INSERT INTO "Courses" ("CourseId", "Description", "Name", "Semester", "TrackId")
VALUES (48, 'Το μάθημα "Διοικητική Πληροφορική" εστιάζει στη διοίκηση και οργάνωση έργων πληροφορικής. Στο μάθημα παρουσιάζονται οι βασικές έννοιες και η διάκριση μεταξύ έργων και λειτουργιών. Εξετάζο-νται οι δομές και το πλαίσιο ενός έργου πληροφορικής, καθώς και οι φάσεις και τα βασικά στοιχεία της διοίκησης ενός έργου. Επιπλέον, μελετώνται η ανάλυση μελέτης περιπτώσεων (case studies), οι τεχνικές χρονοδιαγράμματος έργου και οι τεχνικές και μέθοδοι διοίκησης έργων πληροφορικής. Το μάθημα επικεντρώνεται επίσης στους τρόπους εφαρμογής στρατηγικών αρχών στα έργα πληροφορικής.', 'ΔΙΟΙΚΗΤΙΚΗ ΠΛΗΡΟΦΟΡΙΚΗ', 8, 3);
INSERT INTO "Courses" ("CourseId", "Description", "Name", "Semester", "TrackId")
VALUES (49, 'Το μάθημα "ΕΚΠΑΙΔΕΥΤΙΚΟ ΛΟΓΙΣΜΙΚΟ" εισάγει τους φοιτητές στις βοηθούμενες από υπολογιστή ο-δηγίες και τα έξυπνα βοηθητικά συστήματα. Επικεντρώνεται στα μοντέλα χρήστη, με έμφαση στη διάγνωση λαθών, την αναπαράσταση του πεδίου γνώσης διδακτικών εφαρμογών, τον γεννήτορα συμβουλών και το σύστημα διεπαφής με τον μαθητή. Επίσης, παρουσιάζονται πρότυπα έξυπνων διδακτικών συστημάτων σε διάφορους τομείς και πολυμέσα.', 'ΕΚΠΑΙΔΕΥΤΙΚΟ ΛΟΓΙΣΜΙΚΟ', 8, 1);
INSERT INTO "Courses" ("CourseId", "Description", "Name", "Semester", "TrackId")
VALUES (50, 'Το μάθημα "Επεξεργασία Σημάτων Φωνής και Ήχου" περιλαμβάνει εισαγωγή στη ψηφιακή επεξεργα-σία φωνής και ήχου, βασικές έννοιες ψηφιακής επεξεργασίας σήματος, παραγωγή ανθρώπινης ομι-λίας, ανάλυση και εκτίμηση παραμέτρων φωνής και ήχου, ψηφιακή κωδικοποίηση, σύνθεση ομιλίας από κείμενο και ήχους, και αυτοματοποιημένη αναγνώριση ομιλίας και φυσικής γλώσσας.', 'ΕΠΕΞΕΡΓΑΣΙΑ ΣΗΜΑΤΩΝ ΦΩΝΗΣ ΚΑΙ ΗΧΟΥ', 8, 1);
INSERT INTO "Courses" ("CourseId", "Description", "Name", "Semester", "TrackId")
VALUES (51, 'Το μάθημα "Ευφυείς Πράκτορες" επικεντρώνεται στη δομή και λειτουργία ενός ευφυούς πράκτορα, αντιδρασιακούς και βουλητικούς πράκτορες, κύκλο αντιλαμβάνομαι-αποφασίζω-ενεργώ, μοντέλο BDI, εύρεση μονοπατιού, αναπαράσταση ενεργειών, σχεδιασμό ενεργειών βασισμένο σε κίνητρα και την πυραμίδα του Maslow, συναισθηματική υπολογιστική σε ευφυείς πράκτορες, ανάπτυξη συστημάτων ευφυών πρακτόρων, και εφαρμογές στην πλατφόρμα Unity3D.', 'ΕΥΦΥΕΙΣ ΠΡΑΚΤΟΡΕΣ', 8, 1);

INSERT INTO "Questions" ("QuestionId", "GeneralTestId", "Text", "Type", "UniversityTestId")
VALUES (1, 1, 'Πώς θα περιγράφατε το επίπεδο της γνώσης σας στην πληροφορική; ', 2, NULL);
INSERT INTO "Questions" ("QuestionId", "GeneralTestId", "Text", "Type", "UniversityTestId")
VALUES (2, 1, 'Έχετε προσπαθήσει να μάθετε κάποια γλώσσα προγραμματισμού ή να έρθετε σε επαφή με κάποια από αυτές;', 2, NULL);
INSERT INTO "Questions" ("QuestionId", "GeneralTestId", "Text", "Type", "UniversityTestId")
VALUES (3, 1, 'Η SQL είναι μια γλώσσα προγραμματισμού που χρησιμοποιείται για τη διαχείριση και την ανάκτηση δεδομένων σε βάσεις δεδομένων.', 2, NULL);
INSERT INTO "Questions" ("QuestionId", "GeneralTestId", "Text", "Type", "UniversityTestId")
VALUES (4, 1, 'Έχετε σκεφτεί να αναπτύξετε μία δική σας εφαρμογή ή λογισμικό κάποια στιγμή;', 2, NULL);
INSERT INTO "Questions" ("QuestionId", "GeneralTestId", "Text", "Type", "UniversityTestId")
VALUES (5, 1, 'Ποια είναι η άποψη σας για τη συνεχή εκπαίδευση και μάθηση στον τομέα της πληροφορικής; ', 2, NULL);
INSERT INTO "Questions" ("QuestionId", "GeneralTestId", "Text", "Type", "UniversityTestId")
VALUES (6, 1, 'Ποια είναι η άποψη σας για τη συνεργασία σε ομάδες στον τομέα της πληροφορικής; ', 2, NULL);
INSERT INTO "Questions" ("QuestionId", "GeneralTestId", "Text", "Type", "UniversityTestId")
VALUES (7, 1, 'Ποια είναι η άποψη σας για την τεχνολογική πρόοδο και την εξέλιξη της πληροφορικής;', 2, NULL);
INSERT INTO "Questions" ("QuestionId", "GeneralTestId", "Text", "Type", "UniversityTestId")
VALUES (8, 1, 'Ποια είναι η άποψη σας για την ανάλυση δεδομένων και την εξαγωγή συμπερασμάτων από αυτήν; ', 2, NULL);
INSERT INTO "Questions" ("QuestionId", "GeneralTestId", "Text", "Type", "UniversityTestId")
VALUES (9, 1, 'Ποιος λόγος σας έκανε να ενδιαφερθείτε για την πληροφορική; ', 2, NULL);
INSERT INTO "Questions" ("QuestionId", "GeneralTestId", "Text", "Type", "UniversityTestId")
VALUES (10, 1, 'Ποια είναι η γνώμη σας για την τεχνητή νοημοσύνη και τη μηχανική μάθηση;', 2, NULL);
INSERT INTO "Questions" ("QuestionId", "GeneralTestId", "Text", "Type", "UniversityTestId")
VALUES (11, 2, 'Θα σας ενδιέφερε να ασχοληθείτε με την σχεδίαση και λειτουργία ολοκληρωμένων ψηφιακών κυκλωμάτων?', 2, NULL);
INSERT INTO "Questions" ("QuestionId", "GeneralTestId", "Text", "Type", "UniversityTestId")
VALUES (12, 2, 'Κατά πόσο σας ενδιαφέρει η ανάπτυξη ιστοσελίδων και γενικά η μελέτη τεχνολογιών του Διαδικτύου και του Παγκόσμιου Ιστού?', 2, NULL);
INSERT INTO "Questions" ("QuestionId", "GeneralTestId", "Text", "Type", "UniversityTestId")
VALUES (13, 2, 'Κατά πόσο σας ενδιαφέρει ο τομέας των μαθηματικών που καλύπτει θεωρίες όπως τα γραφήματα, οι γεννήτριες συναρτήσεις, οι ασυμπτωτικές εκτιμήσεις και τα αυτόματα?', 2, NULL);
INSERT INTO "Questions" ("QuestionId", "GeneralTestId", "Text", "Type", "UniversityTestId")
VALUES (14, 2, 'Ένα μάθημα που καλύπτει εκτενώς τις δομές δεδομένων σε προχωρημένο επίπεδο θεωρείτε ότι θα δυσκολέψει έναν φοιτητή που παρακολουθεί το 2ο έτος?', 2, NULL);
INSERT INTO "Questions" ("QuestionId", "GeneralTestId", "Text", "Type", "UniversityTestId")
VALUES (15, 2, 'Θα σας ενδιέφερε να κατανοήσετε τη θεωρία των κωδίκων και να εφαρμόσετε αλγορίθμους για τη συμπίεση δεδομένων, την ανίχνευση και διόρθωση σφαλμάτων σε σήματα ή συστήματα αρχείων;', 2, NULL);
INSERT INTO "Questions" ("QuestionId", "GeneralTestId", "Text", "Type", "UniversityTestId")
VALUES (16, 2, 'Ποια είναι η κύρια διαφορά μεταξύ της αρχιτεκτονικής Πελάτη-Εξυπηρετητή (Client-Server) και της 3-tier αρχιτεκτονικής;', 1, NULL);
INSERT INTO "Questions" ("QuestionId", "GeneralTestId", "Text", "Type", "UniversityTestId")
VALUES (17, 2, 'Ενδιαφέρεστε για την ανάπτυξη λύσεων σε προβλήματα χρησιμοποιώντας εξελιγμένες μεθόδους, όπως την Τεχνητή Νοημοσύνη και τα Έμπειρα Συστήματα, καθώς επίσης για την εκμάθηση βασικών γνώσεων στη Μηχανική Μάθηση και στα Νευρωνικά Δίκτυα;', 2, NULL);
INSERT INTO "Questions" ("QuestionId", "GeneralTestId", "Text", "Type", "UniversityTestId")
VALUES (18, 2, 'Κατά πόσο σημαντική είναι για σας η δυνατότητα απόκτησης Διδακτικής Επάρκειας;', 2, NULL);
INSERT INTO "Questions" ("QuestionId", "GeneralTestId", "Text", "Type", "UniversityTestId")
VALUES (19, 2, 'Κατά πόσο σας ενδιαφέρει η δημιουργία, διαχείριση και βελτίωση ψηφιακού περιεχομένου, συμπεριλαμβανομένης της συμπίεσης εικόνας, ήχου και βίντεο;', 2, NULL);
INSERT INTO "Questions" ("QuestionId", "GeneralTestId", "Text", "Type", "UniversityTestId")
VALUES (20, 2, 'Θα σας ενδιέφερε να ασχοληθείτε με την ασφάλεια δικτύων, τις προκλήσεις που συνδέονται με αυτήν καθώς και τον σχεδιασμό και την εφαρμογή μεθόδων ασφάλειας δικτύων, όπως τα firewall και τα ιδιωτικά εικονικά δίκτυα (VPN);', 2, NULL);
INSERT INTO "Questions" ("QuestionId", "GeneralTestId", "Text", "Type", "UniversityTestId")
VALUES (21, NULL, 'Ποια είναι η βασική δομή ενός προγράμματος σε Python;', 1, 1);
INSERT INTO "Questions" ("QuestionId", "GeneralTestId", "Text", "Type", "UniversityTestId")
VALUES (22, NULL, 'Η C είναι μια γλώσσα υψηλού επιπέδου.', 0, 1);
INSERT INTO "Questions" ("QuestionId", "GeneralTestId", "Text", "Type", "UniversityTestId")
VALUES (23, NULL, 'Πόσο σας αρέσει ο προγραμματισμός;', 2, 1);
INSERT INTO "Questions" ("QuestionId", "GeneralTestId", "Text", "Type", "UniversityTestId")
VALUES (24, NULL, 'Ποια είναι η βασική διαφορά μεταξύ των στατικών και δυναμικών ιστοσελίδων;', 1, 1);
INSERT INTO "Questions" ("QuestionId", "GeneralTestId", "Text", "Type", "UniversityTestId")
VALUES (25, NULL, 'Η HTML είναι γλώσσα προγραμματισμού.', 0, 1);
INSERT INTO "Questions" ("QuestionId", "GeneralTestId", "Text", "Type", "UniversityTestId")
VALUES (26, NULL, 'Πόσο σας αρέσει η δημιουργία ιστοσελίδων;', 2, 1);
INSERT INTO "Questions" ("QuestionId", "GeneralTestId", "Text", "Type", "UniversityTestId")
VALUES (27, NULL, 'Ποιος από τους παρακάτω ορισμούς περιγράφει καλύτερα την έννοια του "αλγορίθμου";', 1, 1);
INSERT INTO "Questions" ("QuestionId", "GeneralTestId", "Text", "Type", "UniversityTestId")
VALUES (28, NULL, 'Ποιο από τα παρακάτω είναι ένα παράδειγμα δομής δεδομένων που έχει το LIFO (Last In First Out) χαρακτηριστικό;', 1, 2);
INSERT INTO "Questions" ("QuestionId", "GeneralTestId", "Text", "Type", "UniversityTestId")
VALUES (29, NULL, 'Ένα λειτουργικό σύστημα είναι ένα πρόγραμμα που διαχειρίζεται τον υλικό εξοπλισμό ενός υπολογιστή.', 0, 2);
INSERT INTO "Questions" ("QuestionId", "GeneralTestId", "Text", "Type", "UniversityTestId")
VALUES (30, NULL, 'Πόσο σας αρέσει η εργασία με δομές δεδομένων;', 2, 2);
INSERT INTO "Questions" ("QuestionId", "GeneralTestId", "Text", "Type", "UniversityTestId")
VALUES (31, NULL, 'Ποιο από τα παρακάτω είναι ένα παράδειγμα ασύγχρονου προγραμματισμού;', 1, 2);
INSERT INTO "Questions" ("QuestionId", "GeneralTestId", "Text", "Type", "UniversityTestId")
VALUES (32, NULL, 'Η κωδικοποίηση Huffman χρησιμοποιείται για την περίληψη κειμένων.', 0, 2);
INSERT INTO "Questions" ("QuestionId", "GeneralTestId", "Text", "Type", "UniversityTestId")
VALUES (33, NULL, 'Πόσο απολαύσατε την εισαγωγή σας στα λειτουργικά συστήματα;', 2, 2);
INSERT INTO "Questions" ("QuestionId", "GeneralTestId", "Text", "Type", "UniversityTestId")
VALUES (34, NULL, 'Ποια από τις παρακάτω γλώσσες χρησιμοποιείται συχνά για την ανάπτυξη λογισμικού για λειτουργικά συστήματα;', 1, 2);
INSERT INTO "Questions" ("QuestionId", "GeneralTestId", "Text", "Type", "UniversityTestId")
VALUES (35, NULL, 'Ποιο από τα παρακάτω είναι ένα παράδειγμα δομής δεδομένων που έχει το LIFO (Last In First Out) χαρακτηριστικό;', 1, 3);
INSERT INTO "Questions" ("QuestionId", "GeneralTestId", "Text", "Type", "UniversityTestId")
VALUES (36, NULL, 'Ένα λειτουργικό σύστημα είναι ένα πρόγραμμα που διαχειρίζεται τον υλικό εξοπλισμό ενός υπολογιστή.', 0, 3);
INSERT INTO "Questions" ("QuestionId", "GeneralTestId", "Text", "Type", "UniversityTestId")
VALUES (37, NULL, 'Πόσο σας αρέσει η εργασία με δομές δεδομένων;', 2, 3);
INSERT INTO "Questions" ("QuestionId", "GeneralTestId", "Text", "Type", "UniversityTestId")
VALUES (38, NULL, 'Η κωδικοποίηση Huffman χρησιμοποιείται για την περίληψη κειμένων.', 0, 3);
INSERT INTO "Questions" ("QuestionId", "GeneralTestId", "Text", "Type", "UniversityTestId")
VALUES (39, NULL, 'Πόσο απολαύσατε την εισαγωγή σας στα λειτουργικά συστήματα;', 2, 3);
INSERT INTO "Questions" ("QuestionId", "GeneralTestId", "Text", "Type", "UniversityTestId")
VALUES (40, NULL, 'Ποια είναι η βασική δομή ενός προγράμματος σε Python;', 1, 3);
INSERT INTO "Questions" ("QuestionId", "GeneralTestId", "Text", "Type", "UniversityTestId")
VALUES (41, NULL, 'Η C είναι μια γλώσσα υψηλού επιπέδου.', 0, 3);
INSERT INTO "Questions" ("QuestionId", "GeneralTestId", "Text", "Type", "UniversityTestId")
VALUES (42, NULL, 'Πόσο σας αρέσει ο προγραμματισμός;', 2, 3);
INSERT INTO "Questions" ("QuestionId", "GeneralTestId", "Text", "Type", "UniversityTestId")
VALUES (43, NULL, 'Ποια είναι η βασική διαφορά μεταξύ των στατικών και δυναμικών ιστοσελίδων;', 1, 3);
INSERT INTO "Questions" ("QuestionId", "GeneralTestId", "Text", "Type", "UniversityTestId")
VALUES (44, NULL, 'Η HTML είναι γλώσσα προγραμματισμού.', 0, 3);
INSERT INTO "Questions" ("QuestionId", "GeneralTestId", "Text", "Type", "UniversityTestId")
VALUES (45, NULL, 'Ποια είναι η πολυπλοκότητα χρόνου του αλγορίθμου Quicksort στη χειρότερη περίπτωση?', 1, 4);
INSERT INTO "Questions" ("QuestionId", "GeneralTestId", "Text", "Type", "UniversityTestId")
VALUES (46, NULL, 'Η SQL είναι μια γλώσσα προγραμματισμού που χρησιμοποιείται για τη διαχείριση και την ανάκτηση δεδομένων σε βάσεις δεδομένων.', 0, 4);
INSERT INTO "Questions" ("QuestionId", "GeneralTestId", "Text", "Type", "UniversityTestId")
VALUES (47, NULL, 'Πόσο σας αρέσει η εργασία με βάσεις δεδομένων;', 2, 4);
INSERT INTO "Questions" ("QuestionId", "GeneralTestId", "Text", "Type", "UniversityTestId")
VALUES (48, NULL, 'Ποιο από τα παρακάτω είναι ένα παράδειγμα μηχανισμού μετάδοσης δεδομένων σε ένα δίκτυο;', 1, 4);
INSERT INTO "Questions" ("QuestionId", "GeneralTestId", "Text", "Type", "UniversityTestId")
VALUES (49, NULL, 'Στην επιστήμη των υπολογιστών, το ''routing'' αναφέρεται στη διαδικασία επιλογής μονοπατιών σε ένα δίκτυο για τη μεταφορά δεδομένων από μια πηγή σε έναν προορισμό.', 0, 4);
INSERT INTO "Questions" ("QuestionId", "GeneralTestId", "Text", "Type", "UniversityTestId")
VALUES (50, NULL, 'Πόσο σας ενδιέφερε η εισαγωγή στις έννοιες δικτύων;', 2, 4);
INSERT INTO "Questions" ("QuestionId", "GeneralTestId", "Text", "Type", "UniversityTestId")
VALUES (51, NULL, 'Ποια από τα παρακάτω είναι σύνθετες δομές δεδομένων;', 1, 4);
INSERT INTO "Questions" ("QuestionId", "GeneralTestId", "Text", "Type", "UniversityTestId")
VALUES (52, NULL, 'Τι από τα παρακάτω είναι μέρος της αρχιτεκτονικής ενός υπολογιστή;', 1, 5);
INSERT INTO "Questions" ("QuestionId", "GeneralTestId", "Text", "Type", "UniversityTestId")
VALUES (53, NULL, 'Ένα λειτουργικό σύστημα είναι ένα πρόγραμμα που διαχειρίζεται τον υλικό οργανισμό ενός υπολογιστή.', 0, 5);
INSERT INTO "Questions" ("QuestionId", "GeneralTestId", "Text", "Type", "UniversityTestId")
VALUES (54, NULL, 'Πόσο σας αρέσει η εργασία με λειτουργικά συστήματα;', 2, 5);
INSERT INTO "Questions" ("QuestionId", "GeneralTestId", "Text", "Type", "UniversityTestId")
VALUES (55, NULL, 'Ποια από τις παρακάτω τεχνολογίες χρησιμοποιούνται συνήθως για τη δημιουργία γραφικών 3D;', 1, 5);
INSERT INTO "Questions" ("QuestionId", "GeneralTestId", "Text", "Type", "UniversityTestId")
VALUES (56, NULL, 'Η τεχνητή νοημοσύνη περιλαμβάνει τη δημιουργία μηχανών που μπορούν να ''σκέφτονται'' και να μαθαίνουν όπως οι άνθρωποι.', 0, 5);
INSERT INTO "Questions" ("QuestionId", "GeneralTestId", "Text", "Type", "UniversityTestId")
VALUES (57, NULL, 'Πόσο σας αρέσει η εργασία με τεχνητή νοημοσύνη;', 2, 5);
INSERT INTO "Questions" ("QuestionId", "GeneralTestId", "Text", "Type", "UniversityTestId")
VALUES (58, NULL, 'Ποιο από τα παρακάτω είναι ένα παράδειγμα αλγορίθμου μηχανικής μάθησης;', 1, 5);
INSERT INTO "Questions" ("QuestionId", "GeneralTestId", "Text", "Type", "UniversityTestId")
VALUES (59, NULL, 'Πόσο σας αρέσει η εργασία με λειτουργικά συστήματα;', 2, 6);
INSERT INTO "Questions" ("QuestionId", "GeneralTestId", "Text", "Type", "UniversityTestId")
VALUES (60, NULL, 'Ποια από τις παρακάτω τεχνολογίες χρησιμοποιούνται συνήθως για τη δημιουργία γραφικών 3D;', 1, 6);
INSERT INTO "Questions" ("QuestionId", "GeneralTestId", "Text", "Type", "UniversityTestId")
VALUES (61, NULL, 'Η τεχνητή νοημοσύνη περιλαμβάνει τη δημιουργία μηχανών που μπορούν να ''σκέφτονται'' και να μάθαίνουν όπως οι άνθρωποι.', 0, 6);
INSERT INTO "Questions" ("QuestionId", "GeneralTestId", "Text", "Type", "UniversityTestId")
VALUES (62, NULL, 'Πόσο σας αρέσει η εργασία με τεχνητή νοημοσύνη;', 2, 6);
INSERT INTO "Questions" ("QuestionId", "GeneralTestId", "Text", "Type", "UniversityTestId")
VALUES (63, NULL, 'Ποιο από τα παρακάτω είναι ένα παράδειγμα αλγορίθμου μηχανικής μάθησης;', 1, 6);
INSERT INTO "Questions" ("QuestionId", "GeneralTestId", "Text", "Type", "UniversityTestId")
VALUES (64, NULL, 'Ποια είναι η πολυπλοκότητα χρόνου του αλγορίθμου Quicksort στη χειρότερη περίπτωση?', 1, 6);
INSERT INTO "Questions" ("QuestionId", "GeneralTestId", "Text", "Type", "UniversityTestId")
VALUES (65, NULL, 'Η SQL είναι μια γλώσσα προγραμματισμού που χρησιμοποιείται για τη διαχείριση και την ανάκτηση δεδομένων σε βάσεις δεδομένων.', 0, 6);
INSERT INTO "Questions" ("QuestionId", "GeneralTestId", "Text", "Type", "UniversityTestId")
VALUES (66, NULL, 'Πόσο σας αρέσει η εργασία με βάσεις δεδομένων;', 2, 6);
INSERT INTO "Questions" ("QuestionId", "GeneralTestId", "Text", "Type", "UniversityTestId")
VALUES (67, NULL, 'Ποιο από τα παρακάτω είναι ένα παράδειγμα μηχανισμού μετάδοσης δεδομένων σε ένα δίκτυο;', 1, 6);
INSERT INTO "Questions" ("QuestionId", "GeneralTestId", "Text", "Type", "UniversityTestId")
VALUES (68, NULL, 'Προτίμηση: Πόσο σας ενδιέφερε η εισαγωγή στις έννοιες δικτύων;', 2, 6);

INSERT INTO "TrackMastersDegrees" ("MastersDegreeId", "TrackId")
VALUES (1, 1);
INSERT INTO "TrackMastersDegrees" ("MastersDegreeId", "TrackId")
VALUES (2, 1);
INSERT INTO "TrackMastersDegrees" ("MastersDegreeId", "TrackId")
VALUES (3, 1);
INSERT INTO "TrackMastersDegrees" ("MastersDegreeId", "TrackId")
VALUES (4, 1);
INSERT INTO "TrackMastersDegrees" ("MastersDegreeId", "TrackId")
VALUES (5, 1);
INSERT INTO "TrackMastersDegrees" ("MastersDegreeId", "TrackId")
VALUES (2, 2);
INSERT INTO "TrackMastersDegrees" ("MastersDegreeId", "TrackId")
VALUES (3, 2);
INSERT INTO "TrackMastersDegrees" ("MastersDegreeId", "TrackId")
VALUES (4, 2);
INSERT INTO "TrackMastersDegrees" ("MastersDegreeId", "TrackId")
VALUES (5, 2);
INSERT INTO "TrackMastersDegrees" ("MastersDegreeId", "TrackId")
VALUES (6, 2);
INSERT INTO "TrackMastersDegrees" ("MastersDegreeId", "TrackId")
VALUES (6, 3);
INSERT INTO "TrackMastersDegrees" ("MastersDegreeId", "TrackId")
VALUES (7, 3);
INSERT INTO "TrackMastersDegrees" ("MastersDegreeId", "TrackId")
VALUES (8, 3);
INSERT INTO "TrackMastersDegrees" ("MastersDegreeId", "TrackId")
VALUES (9, 3);
INSERT INTO "TrackMastersDegrees" ("MastersDegreeId", "TrackId")
VALUES (10, 3);

INSERT INTO "TrackProfessions" ("ProfessionId", "TrackId")
VALUES (1, 1);
INSERT INTO "TrackProfessions" ("ProfessionId", "TrackId")
VALUES (2, 1);
INSERT INTO "TrackProfessions" ("ProfessionId", "TrackId")
VALUES (3, 1);
INSERT INTO "TrackProfessions" ("ProfessionId", "TrackId")
VALUES (4, 1);
INSERT INTO "TrackProfessions" ("ProfessionId", "TrackId")
VALUES (5, 1);
INSERT INTO "TrackProfessions" ("ProfessionId", "TrackId")
VALUES (6, 2);
INSERT INTO "TrackProfessions" ("ProfessionId", "TrackId")
VALUES (7, 2);
INSERT INTO "TrackProfessions" ("ProfessionId", "TrackId")
VALUES (8, 2);
INSERT INTO "TrackProfessions" ("ProfessionId", "TrackId")
VALUES (9, 2);
INSERT INTO "TrackProfessions" ("ProfessionId", "TrackId")
VALUES (10, 2);
INSERT INTO "TrackProfessions" ("ProfessionId", "TrackId")
VALUES (11, 3);
INSERT INTO "TrackProfessions" ("ProfessionId", "TrackId")
VALUES (12, 3);
INSERT INTO "TrackProfessions" ("ProfessionId", "TrackId")
VALUES (13, 3);
INSERT INTO "TrackProfessions" ("ProfessionId", "TrackId")
VALUES (14, 3);
INSERT INTO "TrackProfessions" ("ProfessionId", "TrackId")
VALUES (15, 3);

INSERT INTO "UniversityTests" ("UniversityTestId", "IsRevision", "Semester", "TrackId", "Year")
VALUES (7, FALSE, 5, 1, 3);
INSERT INTO "UniversityTests" ("UniversityTestId", "IsRevision", "Semester", "TrackId", "Year")
VALUES (8, FALSE, 6, 1, 3);
INSERT INTO "UniversityTests" ("UniversityTestId", "IsRevision", "Semester", "TrackId", "Year")
VALUES (9, TRUE, NULL, 1, 3);
INSERT INTO "UniversityTests" ("UniversityTestId", "IsRevision", "Semester", "TrackId", "Year")
VALUES (10, FALSE, 5, 2, 3);
INSERT INTO "UniversityTests" ("UniversityTestId", "IsRevision", "Semester", "TrackId", "Year")
VALUES (11, FALSE, 6, 2, 3);
INSERT INTO "UniversityTests" ("UniversityTestId", "IsRevision", "Semester", "TrackId", "Year")
VALUES (12, TRUE, NULL, 2, 3);
INSERT INTO "UniversityTests" ("UniversityTestId", "IsRevision", "Semester", "TrackId", "Year")
VALUES (13, FALSE, 5, 3, 3);
INSERT INTO "UniversityTests" ("UniversityTestId", "IsRevision", "Semester", "TrackId", "Year")
VALUES (14, FALSE, 6, 3, 3);
INSERT INTO "UniversityTests" ("UniversityTestId", "IsRevision", "Semester", "TrackId", "Year")
VALUES (15, TRUE, NULL, 3, 3);
INSERT INTO "UniversityTests" ("UniversityTestId", "IsRevision", "Semester", "TrackId", "Year")
VALUES (16, FALSE, 7, 1, 4);
INSERT INTO "UniversityTests" ("UniversityTestId", "IsRevision", "Semester", "TrackId", "Year")
VALUES (17, FALSE, 8, 1, 4);
INSERT INTO "UniversityTests" ("UniversityTestId", "IsRevision", "Semester", "TrackId", "Year")
VALUES (18, TRUE, NULL, 1, 4);
INSERT INTO "UniversityTests" ("UniversityTestId", "IsRevision", "Semester", "TrackId", "Year")
VALUES (19, FALSE, 7, 2, 4);
INSERT INTO "UniversityTests" ("UniversityTestId", "IsRevision", "Semester", "TrackId", "Year")
VALUES (20, FALSE, 8, 2, 4);
INSERT INTO "UniversityTests" ("UniversityTestId", "IsRevision", "Semester", "TrackId", "Year")
VALUES (21, TRUE, NULL, 2, 4);
INSERT INTO "UniversityTests" ("UniversityTestId", "IsRevision", "Semester", "TrackId", "Year")
VALUES (22, FALSE, 7, 3, 4);
INSERT INTO "UniversityTests" ("UniversityTestId", "IsRevision", "Semester", "TrackId", "Year")
VALUES (23, FALSE, 8, 3, 4);
INSERT INTO "UniversityTests" ("UniversityTestId", "IsRevision", "Semester", "TrackId", "Year")
VALUES (24, TRUE, NULL, 3, 4);

INSERT INTO "CourseSkills" ("CourseId", "SkillId")
VALUES (24, 8);
INSERT INTO "CourseSkills" ("CourseId", "SkillId")
VALUES (24, 41);
INSERT INTO "CourseSkills" ("CourseId", "SkillId")
VALUES (24, 43);
INSERT INTO "CourseSkills" ("CourseId", "SkillId")
VALUES (24, 88);
INSERT INTO "CourseSkills" ("CourseId", "SkillId")
VALUES (24, 108);
INSERT INTO "CourseSkills" ("CourseId", "SkillId")
VALUES (24, 134);
INSERT INTO "CourseSkills" ("CourseId", "SkillId")
VALUES (24, 135);
INSERT INTO "CourseSkills" ("CourseId", "SkillId")
VALUES (24, 136);
INSERT INTO "CourseSkills" ("CourseId", "SkillId")
VALUES (24, 137);
INSERT INTO "CourseSkills" ("CourseId", "SkillId")
VALUES (25, 9);
INSERT INTO "CourseSkills" ("CourseId", "SkillId")
VALUES (25, 14);
INSERT INTO "CourseSkills" ("CourseId", "SkillId")
VALUES (25, 41);
INSERT INTO "CourseSkills" ("CourseId", "SkillId")
VALUES (25, 42);
INSERT INTO "CourseSkills" ("CourseId", "SkillId")
VALUES (25, 43);
INSERT INTO "CourseSkills" ("CourseId", "SkillId")
VALUES (25, 138);
INSERT INTO "CourseSkills" ("CourseId", "SkillId")
VALUES (25, 139);
INSERT INTO "CourseSkills" ("CourseId", "SkillId")
VALUES (25, 140);
INSERT INTO "CourseSkills" ("CourseId", "SkillId")
VALUES (25, 141);
INSERT INTO "CourseSkills" ("CourseId", "SkillId")
VALUES (26, 41);
INSERT INTO "CourseSkills" ("CourseId", "SkillId")
VALUES (26, 102);
INSERT INTO "CourseSkills" ("CourseId", "SkillId")
VALUES (26, 137);
INSERT INTO "CourseSkills" ("CourseId", "SkillId")
VALUES (26, 143);
INSERT INTO "CourseSkills" ("CourseId", "SkillId")
VALUES (26, 144);
INSERT INTO "CourseSkills" ("CourseId", "SkillId")
VALUES (26, 145);
INSERT INTO "CourseSkills" ("CourseId", "SkillId")
VALUES (27, 14);
INSERT INTO "CourseSkills" ("CourseId", "SkillId")
VALUES (27, 16);
INSERT INTO "CourseSkills" ("CourseId", "SkillId")
VALUES (27, 44);
INSERT INTO "CourseSkills" ("CourseId", "SkillId")
VALUES (27, 146);
INSERT INTO "CourseSkills" ("CourseId", "SkillId")
VALUES (27, 147);
INSERT INTO "CourseSkills" ("CourseId", "SkillId")
VALUES (27, 148);
INSERT INTO "CourseSkills" ("CourseId", "SkillId")
VALUES (28, 14);
INSERT INTO "CourseSkills" ("CourseId", "SkillId")
VALUES (28, 23);
INSERT INTO "CourseSkills" ("CourseId", "SkillId")
VALUES (28, 41);
INSERT INTO "CourseSkills" ("CourseId", "SkillId")
VALUES (28, 43);
INSERT INTO "CourseSkills" ("CourseId", "SkillId")
VALUES (28, 149);
INSERT INTO "CourseSkills" ("CourseId", "SkillId")
VALUES (28, 150);
INSERT INTO "CourseSkills" ("CourseId", "SkillId")
VALUES (28, 151);
INSERT INTO "CourseSkills" ("CourseId", "SkillId")
VALUES (29, 36);
INSERT INTO "CourseSkills" ("CourseId", "SkillId")
VALUES (29, 58);
INSERT INTO "CourseSkills" ("CourseId", "SkillId")
VALUES (29, 88);
INSERT INTO "CourseSkills" ("CourseId", "SkillId")
VALUES (29, 152);
INSERT INTO "CourseSkills" ("CourseId", "SkillId")
VALUES (29, 153);
INSERT INTO "CourseSkills" ("CourseId", "SkillId")
VALUES (29, 154);
INSERT INTO "CourseSkills" ("CourseId", "SkillId")
VALUES (30, 9);
INSERT INTO "CourseSkills" ("CourseId", "SkillId")
VALUES (30, 41);
INSERT INTO "CourseSkills" ("CourseId", "SkillId")
VALUES (30, 43);
INSERT INTO "CourseSkills" ("CourseId", "SkillId")
VALUES (30, 102);
INSERT INTO "CourseSkills" ("CourseId", "SkillId")
VALUES (30, 155);
INSERT INTO "CourseSkills" ("CourseId", "SkillId")
VALUES (30, 156);
INSERT INTO "CourseSkills" ("CourseId", "SkillId")
VALUES (30, 157);
INSERT INTO "CourseSkills" ("CourseId", "SkillId")
VALUES (30, 158);
INSERT INTO "CourseSkills" ("CourseId", "SkillId")
VALUES (31, 16);
INSERT INTO "CourseSkills" ("CourseId", "SkillId")
VALUES (31, 23);
INSERT INTO "CourseSkills" ("CourseId", "SkillId")
VALUES (31, 41);
INSERT INTO "CourseSkills" ("CourseId", "SkillId")
VALUES (31, 43);
INSERT INTO "CourseSkills" ("CourseId", "SkillId")
VALUES (31, 159);
INSERT INTO "CourseSkills" ("CourseId", "SkillId")
VALUES (31, 160);
INSERT INTO "CourseSkills" ("CourseId", "SkillId")
VALUES (31, 161);
INSERT INTO "CourseSkills" ("CourseId", "SkillId")
VALUES (32, 16);
INSERT INTO "CourseSkills" ("CourseId", "SkillId")
VALUES (32, 23);
INSERT INTO "CourseSkills" ("CourseId", "SkillId")
VALUES (32, 41);
INSERT INTO "CourseSkills" ("CourseId", "SkillId")
VALUES (32, 43);
INSERT INTO "CourseSkills" ("CourseId", "SkillId")
VALUES (32, 162);
INSERT INTO "CourseSkills" ("CourseId", "SkillId")
VALUES (32, 163);
INSERT INTO "CourseSkills" ("CourseId", "SkillId")
VALUES (32, 164);
INSERT INTO "CourseSkills" ("CourseId", "SkillId")
VALUES (32, 165);
INSERT INTO "CourseSkills" ("CourseId", "SkillId")
VALUES (33, 9);
INSERT INTO "CourseSkills" ("CourseId", "SkillId")
VALUES (33, 23);
INSERT INTO "CourseSkills" ("CourseId", "SkillId")
VALUES (33, 41);
INSERT INTO "CourseSkills" ("CourseId", "SkillId")
VALUES (33, 166);
INSERT INTO "CourseSkills" ("CourseId", "SkillId")
VALUES (33, 167);
INSERT INTO "CourseSkills" ("CourseId", "SkillId")
VALUES (33, 168);
INSERT INTO "CourseSkills" ("CourseId", "SkillId")
VALUES (33, 169);
INSERT INTO "CourseSkills" ("CourseId", "SkillId")
VALUES (34, 16);
INSERT INTO "CourseSkills" ("CourseId", "SkillId")
VALUES (34, 23);
INSERT INTO "CourseSkills" ("CourseId", "SkillId")
VALUES (34, 41);
INSERT INTO "CourseSkills" ("CourseId", "SkillId")
VALUES (34, 43);
INSERT INTO "CourseSkills" ("CourseId", "SkillId")
VALUES (34, 170);
INSERT INTO "CourseSkills" ("CourseId", "SkillId")
VALUES (34, 171);
INSERT INTO "CourseSkills" ("CourseId", "SkillId")
VALUES (34, 172);
INSERT INTO "CourseSkills" ("CourseId", "SkillId")
VALUES (35, 8);
INSERT INTO "CourseSkills" ("CourseId", "SkillId")
VALUES (35, 14);
INSERT INTO "CourseSkills" ("CourseId", "SkillId")
VALUES (35, 23);
INSERT INTO "CourseSkills" ("CourseId", "SkillId")
VALUES (35, 43);
INSERT INTO "CourseSkills" ("CourseId", "SkillId")
VALUES (35, 173);
INSERT INTO "CourseSkills" ("CourseId", "SkillId")
VALUES (35, 174);
INSERT INTO "CourseSkills" ("CourseId", "SkillId")
VALUES (35, 175);
INSERT INTO "CourseSkills" ("CourseId", "SkillId")
VALUES (36, 41);
INSERT INTO "CourseSkills" ("CourseId", "SkillId")
VALUES (36, 43);
INSERT INTO "CourseSkills" ("CourseId", "SkillId")
VALUES (36, 102);
INSERT INTO "CourseSkills" ("CourseId", "SkillId")
VALUES (36, 176);
INSERT INTO "CourseSkills" ("CourseId", "SkillId")
VALUES (36, 177);
INSERT INTO "CourseSkills" ("CourseId", "SkillId")
VALUES (36, 178);
INSERT INTO "CourseSkills" ("CourseId", "SkillId")
VALUES (36, 179);
INSERT INTO "CourseSkills" ("CourseId", "SkillId")
VALUES (37, 14);
INSERT INTO "CourseSkills" ("CourseId", "SkillId")
VALUES (37, 36);
INSERT INTO "CourseSkills" ("CourseId", "SkillId")
VALUES (37, 43);
INSERT INTO "CourseSkills" ("CourseId", "SkillId")
VALUES (37, 180);
INSERT INTO "CourseSkills" ("CourseId", "SkillId")
VALUES (37, 181);
INSERT INTO "CourseSkills" ("CourseId", "SkillId")
VALUES (37, 182);
INSERT INTO "CourseSkills" ("CourseId", "SkillId")
VALUES (38, 8);
INSERT INTO "CourseSkills" ("CourseId", "SkillId")
VALUES (38, 23);
INSERT INTO "CourseSkills" ("CourseId", "SkillId")
VALUES (38, 41);
INSERT INTO "CourseSkills" ("CourseId", "SkillId")
VALUES (38, 183);
INSERT INTO "CourseSkills" ("CourseId", "SkillId")
VALUES (38, 184);
INSERT INTO "CourseSkills" ("CourseId", "SkillId")
VALUES (38, 185);
INSERT INTO "CourseSkills" ("CourseId", "SkillId")
VALUES (38, 186);
INSERT INTO "CourseSkills" ("CourseId", "SkillId")
VALUES (39, 23);
INSERT INTO "CourseSkills" ("CourseId", "SkillId")
VALUES (39, 41);
INSERT INTO "CourseSkills" ("CourseId", "SkillId")
VALUES (39, 43);
INSERT INTO "CourseSkills" ("CourseId", "SkillId")
VALUES (39, 187);
INSERT INTO "CourseSkills" ("CourseId", "SkillId")
VALUES (39, 188);
INSERT INTO "CourseSkills" ("CourseId", "SkillId")
VALUES (39, 189);
INSERT INTO "CourseSkills" ("CourseId", "SkillId")
VALUES (39, 190);
INSERT INTO "CourseSkills" ("CourseId", "SkillId")
VALUES (40, 16);
INSERT INTO "CourseSkills" ("CourseId", "SkillId")
VALUES (40, 23);
INSERT INTO "CourseSkills" ("CourseId", "SkillId")
VALUES (40, 41);
INSERT INTO "CourseSkills" ("CourseId", "SkillId")
VALUES (40, 43);
INSERT INTO "CourseSkills" ("CourseId", "SkillId")
VALUES (40, 191);
INSERT INTO "CourseSkills" ("CourseId", "SkillId")
VALUES (40, 192);
INSERT INTO "CourseSkills" ("CourseId", "SkillId")
VALUES (40, 193);
INSERT INTO "CourseSkills" ("CourseId", "SkillId")
VALUES (40, 194);
INSERT INTO "CourseSkills" ("CourseId", "SkillId")
VALUES (41, 23);
INSERT INTO "CourseSkills" ("CourseId", "SkillId")
VALUES (41, 41);
INSERT INTO "CourseSkills" ("CourseId", "SkillId")
VALUES (41, 43);
INSERT INTO "CourseSkills" ("CourseId", "SkillId")
VALUES (41, 102);
INSERT INTO "CourseSkills" ("CourseId", "SkillId")
VALUES (41, 195);
INSERT INTO "CourseSkills" ("CourseId", "SkillId")
VALUES (41, 196);
INSERT INTO "CourseSkills" ("CourseId", "SkillId")
VALUES (41, 197);
INSERT INTO "CourseSkills" ("CourseId", "SkillId")
VALUES (41, 198);
INSERT INTO "CourseSkills" ("CourseId", "SkillId")
VALUES (42, 8);
INSERT INTO "CourseSkills" ("CourseId", "SkillId")
VALUES (42, 14);
INSERT INTO "CourseSkills" ("CourseId", "SkillId")
VALUES (42, 41);
INSERT INTO "CourseSkills" ("CourseId", "SkillId")
VALUES (42, 43);
INSERT INTO "CourseSkills" ("CourseId", "SkillId")
VALUES (42, 199);
INSERT INTO "CourseSkills" ("CourseId", "SkillId")
VALUES (42, 200);
INSERT INTO "CourseSkills" ("CourseId", "SkillId")
VALUES (42, 201);
INSERT INTO "CourseSkills" ("CourseId", "SkillId")
VALUES (42, 202);
INSERT INTO "CourseSkills" ("CourseId", "SkillId")
VALUES (43, 14);
INSERT INTO "CourseSkills" ("CourseId", "SkillId")
VALUES (43, 23);
INSERT INTO "CourseSkills" ("CourseId", "SkillId")
VALUES (43, 43);
INSERT INTO "CourseSkills" ("CourseId", "SkillId")
VALUES (43, 203);
INSERT INTO "CourseSkills" ("CourseId", "SkillId")
VALUES (43, 204);
INSERT INTO "CourseSkills" ("CourseId", "SkillId")
VALUES (43, 205);
INSERT INTO "CourseSkills" ("CourseId", "SkillId")
VALUES (43, 206);
INSERT INTO "CourseSkills" ("CourseId", "SkillId")
VALUES (43, 207);
INSERT INTO "CourseSkills" ("CourseId", "SkillId")
VALUES (44, 14);
INSERT INTO "CourseSkills" ("CourseId", "SkillId")
VALUES (44, 23);
INSERT INTO "CourseSkills" ("CourseId", "SkillId")
VALUES (44, 43);
INSERT INTO "CourseSkills" ("CourseId", "SkillId")
VALUES (44, 102);
INSERT INTO "CourseSkills" ("CourseId", "SkillId")
VALUES (44, 208);
INSERT INTO "CourseSkills" ("CourseId", "SkillId")
VALUES (44, 209);
INSERT INTO "CourseSkills" ("CourseId", "SkillId")
VALUES (44, 210);
INSERT INTO "CourseSkills" ("CourseId", "SkillId")
VALUES (44, 211);
INSERT INTO "CourseSkills" ("CourseId", "SkillId")
VALUES (45, 14);
INSERT INTO "CourseSkills" ("CourseId", "SkillId")
VALUES (45, 36);
INSERT INTO "CourseSkills" ("CourseId", "SkillId")
VALUES (45, 102);
INSERT INTO "CourseSkills" ("CourseId", "SkillId")
VALUES (45, 212);
INSERT INTO "CourseSkills" ("CourseId", "SkillId")
VALUES (45, 213);
INSERT INTO "CourseSkills" ("CourseId", "SkillId")
VALUES (45, 214);
INSERT INTO "CourseSkills" ("CourseId", "SkillId")
VALUES (45, 215);
INSERT INTO "CourseSkills" ("CourseId", "SkillId")
VALUES (47, 41);
INSERT INTO "CourseSkills" ("CourseId", "SkillId")
VALUES (47, 43);
INSERT INTO "CourseSkills" ("CourseId", "SkillId")
VALUES (47, 137);
INSERT INTO "CourseSkills" ("CourseId", "SkillId")
VALUES (47, 221);
INSERT INTO "CourseSkills" ("CourseId", "SkillId")
VALUES (47, 222);
INSERT INTO "CourseSkills" ("CourseId", "SkillId")
VALUES (47, 223);
INSERT INTO "CourseSkills" ("CourseId", "SkillId")
VALUES (47, 224);
INSERT INTO "CourseSkills" ("CourseId", "SkillId")
VALUES (48, 8);
INSERT INTO "CourseSkills" ("CourseId", "SkillId")
VALUES (48, 9);
INSERT INTO "CourseSkills" ("CourseId", "SkillId")
VALUES (48, 14);
INSERT INTO "CourseSkills" ("CourseId", "SkillId")
VALUES (48, 23);
INSERT INTO "CourseSkills" ("CourseId", "SkillId")
VALUES (48, 225);
INSERT INTO "CourseSkills" ("CourseId", "SkillId")
VALUES (48, 226);
INSERT INTO "CourseSkills" ("CourseId", "SkillId")
VALUES (48, 227);
INSERT INTO "CourseSkills" ("CourseId", "SkillId")
VALUES (48, 228);
INSERT INTO "CourseSkills" ("CourseId", "SkillId")
VALUES (49, 8);
INSERT INTO "CourseSkills" ("CourseId", "SkillId")
VALUES (49, 9);
INSERT INTO "CourseSkills" ("CourseId", "SkillId")
VALUES (49, 102);
INSERT INTO "CourseSkills" ("CourseId", "SkillId")
VALUES (49, 229);
INSERT INTO "CourseSkills" ("CourseId", "SkillId")
VALUES (49, 230);
INSERT INTO "CourseSkills" ("CourseId", "SkillId")
VALUES (49, 231);
INSERT INTO "CourseSkills" ("CourseId", "SkillId")
VALUES (49, 232);
INSERT INTO "CourseSkills" ("CourseId", "SkillId")
VALUES (50, 8);
INSERT INTO "CourseSkills" ("CourseId", "SkillId")
VALUES (50, 9);
INSERT INTO "CourseSkills" ("CourseId", "SkillId")
VALUES (50, 41);
INSERT INTO "CourseSkills" ("CourseId", "SkillId")
VALUES (50, 43);
INSERT INTO "CourseSkills" ("CourseId", "SkillId")
VALUES (50, 233);
INSERT INTO "CourseSkills" ("CourseId", "SkillId")
VALUES (50, 234);
INSERT INTO "CourseSkills" ("CourseId", "SkillId")
VALUES (50, 235);
INSERT INTO "CourseSkills" ("CourseId", "SkillId")
VALUES (50, 236);
INSERT INTO "CourseSkills" ("CourseId", "SkillId")
VALUES (51, 9);
INSERT INTO "CourseSkills" ("CourseId", "SkillId")
VALUES (51, 23);
INSERT INTO "CourseSkills" ("CourseId", "SkillId")
VALUES (51, 36);
INSERT INTO "CourseSkills" ("CourseId", "SkillId")
VALUES (51, 43);
INSERT INTO "CourseSkills" ("CourseId", "SkillId")
VALUES (51, 237);
INSERT INTO "CourseSkills" ("CourseId", "SkillId")
VALUES (51, 238);
INSERT INTO "CourseSkills" ("CourseId", "SkillId")
VALUES (51, 239);
INSERT INTO "CourseSkills" ("CourseId", "SkillId")
VALUES (51, 240);

INSERT INTO "MultipleChoiceAnswers" ("MultipleChoiceAnswerId", "IsCorrect", "QuestionId", "Text")
VALUES (1, TRUE, 21, 'Εισαγωγή βιβλιοθηκών, Κύρια συνάρτηση, Βοηθητικές συναρτήσεις');
INSERT INTO "MultipleChoiceAnswers" ("MultipleChoiceAnswerId", "IsCorrect", "QuestionId", "Text")
VALUES (2, FALSE, 21, 'Εκφώνηση προβλήματος, Υλοποίηση λύσης, Εξαγωγή αποτελεσμάτων');
INSERT INTO "MultipleChoiceAnswers" ("MultipleChoiceAnswerId", "IsCorrect", "QuestionId", "Text")
VALUES (3, FALSE, 21, 'Κεφαλίδα, Σώμα, Υποσημείωση');
INSERT INTO "MultipleChoiceAnswers" ("MultipleChoiceAnswerId", "IsCorrect", "QuestionId", "Text")
VALUES (4, TRUE, 24, 'Το περιεχόμενο');
INSERT INTO "MultipleChoiceAnswers" ("MultipleChoiceAnswerId", "IsCorrect", "QuestionId", "Text")
VALUES (5, FALSE, 24, 'Η εμφάνιση');
INSERT INTO "MultipleChoiceAnswers" ("MultipleChoiceAnswerId", "IsCorrect", "QuestionId", "Text")
VALUES (6, FALSE, 24, 'Οι χρήστες');
INSERT INTO "MultipleChoiceAnswers" ("MultipleChoiceAnswerId", "IsCorrect", "QuestionId", "Text")
VALUES (7, TRUE, 27, 'Μια ακολουθία οδηγιών που επιλύει ένα συγκεκριμένο πρόβλημα');
INSERT INTO "MultipleChoiceAnswers" ("MultipleChoiceAnswerId", "IsCorrect", "QuestionId", "Text")
VALUES (8, FALSE, 27, 'Μια συλλογή δεδομένων');
INSERT INTO "MultipleChoiceAnswers" ("MultipleChoiceAnswerId", "IsCorrect", "QuestionId", "Text")
VALUES (9, FALSE, 27, 'Ένα εργαλείο για την ανάλυση δεδομένων');
INSERT INTO "MultipleChoiceAnswers" ("MultipleChoiceAnswerId", "IsCorrect", "QuestionId", "Text")
VALUES (10, FALSE, 28, 'Ουρά (Queue)');
INSERT INTO "MultipleChoiceAnswers" ("MultipleChoiceAnswerId", "IsCorrect", "QuestionId", "Text")
VALUES (11, TRUE, 28, 'Στοίβα (Stack)');
INSERT INTO "MultipleChoiceAnswers" ("MultipleChoiceAnswerId", "IsCorrect", "QuestionId", "Text")
VALUES (12, FALSE, 28, 'Λίστα (List)');
INSERT INTO "MultipleChoiceAnswers" ("MultipleChoiceAnswerId", "IsCorrect", "QuestionId", "Text")
VALUES (13, TRUE, 31, 'AJAX σε JavaScript');
INSERT INTO "MultipleChoiceAnswers" ("MultipleChoiceAnswerId", "IsCorrect", "QuestionId", "Text")
VALUES (14, FALSE, 31, 'Λούπες σε Python');
INSERT INTO "MultipleChoiceAnswers" ("MultipleChoiceAnswerId", "IsCorrect", "QuestionId", "Text")
VALUES (15, FALSE, 31, 'Κλάσεις σε Java');
INSERT INTO "MultipleChoiceAnswers" ("MultipleChoiceAnswerId", "IsCorrect", "QuestionId", "Text")
VALUES (16, FALSE, 34, 'Python');
INSERT INTO "MultipleChoiceAnswers" ("MultipleChoiceAnswerId", "IsCorrect", "QuestionId", "Text")
VALUES (17, TRUE, 34, 'C');
INSERT INTO "MultipleChoiceAnswers" ("MultipleChoiceAnswerId", "IsCorrect", "QuestionId", "Text")
VALUES (18, FALSE, 34, 'JavaScript');
INSERT INTO "MultipleChoiceAnswers" ("MultipleChoiceAnswerId", "IsCorrect", "QuestionId", "Text")
VALUES (19, FALSE, 35, 'Ουρά (Queue)');
INSERT INTO "MultipleChoiceAnswers" ("MultipleChoiceAnswerId", "IsCorrect", "QuestionId", "Text")
VALUES (20, TRUE, 35, 'Στοίβα (Stack)');
INSERT INTO "MultipleChoiceAnswers" ("MultipleChoiceAnswerId", "IsCorrect", "QuestionId", "Text")
VALUES (21, FALSE, 35, 'Λίστα (List)');
INSERT INTO "MultipleChoiceAnswers" ("MultipleChoiceAnswerId", "IsCorrect", "QuestionId", "Text")
VALUES (22, TRUE, 40, 'Εισαγωγή βιβλιοθηκών, Κύρια συνάρτηση, Βοηθητικές συναρτήσεις');
INSERT INTO "MultipleChoiceAnswers" ("MultipleChoiceAnswerId", "IsCorrect", "QuestionId", "Text")
VALUES (23, FALSE, 40, 'Εκφώνηση προβλήματος, Υλοποίηση λύσης, Εξαγωγή αποτελεσμάτων');
INSERT INTO "MultipleChoiceAnswers" ("MultipleChoiceAnswerId", "IsCorrect", "QuestionId", "Text")
VALUES (24, FALSE, 40, 'Κεφαλίδα, Σώμα, Υποσημείωση');
INSERT INTO "MultipleChoiceAnswers" ("MultipleChoiceAnswerId", "IsCorrect", "QuestionId", "Text")
VALUES (25, TRUE, 43, 'Το περιεχόμενο');
INSERT INTO "MultipleChoiceAnswers" ("MultipleChoiceAnswerId", "IsCorrect", "QuestionId", "Text")
VALUES (26, FALSE, 43, 'Η εμφάνιση');
INSERT INTO "MultipleChoiceAnswers" ("MultipleChoiceAnswerId", "IsCorrect", "QuestionId", "Text")
VALUES (27, FALSE, 43, 'Οι χρήστες');
INSERT INTO "MultipleChoiceAnswers" ("MultipleChoiceAnswerId", "IsCorrect", "QuestionId", "Text")
VALUES (28, FALSE, 45, 'O(n log n)');
INSERT INTO "MultipleChoiceAnswers" ("MultipleChoiceAnswerId", "IsCorrect", "QuestionId", "Text")
VALUES (29, TRUE, 45, 'O(n^2)');
INSERT INTO "MultipleChoiceAnswers" ("MultipleChoiceAnswerId", "IsCorrect", "QuestionId", "Text")
VALUES (30, FALSE, 45, 'O(n)');
INSERT INTO "MultipleChoiceAnswers" ("MultipleChoiceAnswerId", "IsCorrect", "QuestionId", "Text")
VALUES (31, TRUE, 48, 'TCP/IP');
INSERT INTO "MultipleChoiceAnswers" ("MultipleChoiceAnswerId", "IsCorrect", "QuestionId", "Text")
VALUES (32, FALSE, 48, 'HTTP');
INSERT INTO "MultipleChoiceAnswers" ("MultipleChoiceAnswerId", "IsCorrect", "QuestionId", "Text")
VALUES (33, FALSE, 48, 'SSL');
INSERT INTO "MultipleChoiceAnswers" ("MultipleChoiceAnswerId", "IsCorrect", "QuestionId", "Text")
VALUES (34, FALSE, 51, 'Πίνακας');
INSERT INTO "MultipleChoiceAnswers" ("MultipleChoiceAnswerId", "IsCorrect", "QuestionId", "Text")
VALUES (35, FALSE, 51, 'Στοίβα');
INSERT INTO "MultipleChoiceAnswers" ("MultipleChoiceAnswerId", "IsCorrect", "QuestionId", "Text")
VALUES (36, TRUE, 51, 'Ουρά προτεραιότητας');
INSERT INTO "MultipleChoiceAnswers" ("MultipleChoiceAnswerId", "IsCorrect", "QuestionId", "Text")
VALUES (37, FALSE, 52, 'CPU');
INSERT INTO "MultipleChoiceAnswers" ("MultipleChoiceAnswerId", "IsCorrect", "QuestionId", "Text")
VALUES (38, FALSE, 52, 'RAM');
INSERT INTO "MultipleChoiceAnswers" ("MultipleChoiceAnswerId", "IsCorrect", "QuestionId", "Text")
VALUES (39, TRUE, 52, 'Όλα τα παραπάνω');
INSERT INTO "MultipleChoiceAnswers" ("MultipleChoiceAnswerId", "IsCorrect", "QuestionId", "Text")
VALUES (40, FALSE, 55, 'WebGL');
INSERT INTO "MultipleChoiceAnswers" ("MultipleChoiceAnswerId", "IsCorrect", "QuestionId", "Text")
VALUES (41, FALSE, 55, 'OpenGL');
INSERT INTO "MultipleChoiceAnswers" ("MultipleChoiceAnswerId", "IsCorrect", "QuestionId", "Text")
VALUES (42, TRUE, 55, 'Όλα τα παραπάνω');
INSERT INTO "MultipleChoiceAnswers" ("MultipleChoiceAnswerId", "IsCorrect", "QuestionId", "Text")
VALUES (43, TRUE, 58, 'Δέντρα απόφασης');
INSERT INTO "MultipleChoiceAnswers" ("MultipleChoiceAnswerId", "IsCorrect", "QuestionId", "Text")
VALUES (44, FALSE, 58, 'Γραμμική άλγεβρα');
INSERT INTO "MultipleChoiceAnswers" ("MultipleChoiceAnswerId", "IsCorrect", "QuestionId", "Text")
VALUES (45, FALSE, 58, 'Πίνακες διαστημάτων');
INSERT INTO "MultipleChoiceAnswers" ("MultipleChoiceAnswerId", "IsCorrect", "QuestionId", "Text")
VALUES (46, FALSE, 60, 'WebGL');
INSERT INTO "MultipleChoiceAnswers" ("MultipleChoiceAnswerId", "IsCorrect", "QuestionId", "Text")
VALUES (47, FALSE, 60, 'OpenGL');
INSERT INTO "MultipleChoiceAnswers" ("MultipleChoiceAnswerId", "IsCorrect", "QuestionId", "Text")
VALUES (48, TRUE, 60, 'Όλα τα παραπάνω');
INSERT INTO "MultipleChoiceAnswers" ("MultipleChoiceAnswerId", "IsCorrect", "QuestionId", "Text")
VALUES (49, TRUE, 63, 'Δέντρα απόφασης');
INSERT INTO "MultipleChoiceAnswers" ("MultipleChoiceAnswerId", "IsCorrect", "QuestionId", "Text")
VALUES (50, FALSE, 63, 'OpeΓραμμική άλγεβραnGL');
INSERT INTO "MultipleChoiceAnswers" ("MultipleChoiceAnswerId", "IsCorrect", "QuestionId", "Text")
VALUES (51, FALSE, 63, 'Πίνακες διαστημάτων');
INSERT INTO "MultipleChoiceAnswers" ("MultipleChoiceAnswerId", "IsCorrect", "QuestionId", "Text")
VALUES (52, TRUE, 64, 'O(n log n)');
INSERT INTO "MultipleChoiceAnswers" ("MultipleChoiceAnswerId", "IsCorrect", "QuestionId", "Text")
VALUES (53, FALSE, 64, 'O(n^2)');
INSERT INTO "MultipleChoiceAnswers" ("MultipleChoiceAnswerId", "IsCorrect", "QuestionId", "Text")
VALUES (54, FALSE, 64, 'O(n)');
INSERT INTO "MultipleChoiceAnswers" ("MultipleChoiceAnswerId", "IsCorrect", "QuestionId", "Text")
VALUES (55, TRUE, 67, 'TCP/IP');
INSERT INTO "MultipleChoiceAnswers" ("MultipleChoiceAnswerId", "IsCorrect", "QuestionId", "Text")
VALUES (56, FALSE, 67, 'HTTP');
INSERT INTO "MultipleChoiceAnswers" ("MultipleChoiceAnswerId", "IsCorrect", "QuestionId", "Text")
VALUES (57, FALSE, 67, 'SSL');
INSERT INTO "MultipleChoiceAnswers" ("MultipleChoiceAnswerId", "IsCorrect", "QuestionId", "Text")
VALUES (211, FALSE, 16, 'Η αρχιτεκτονική Πελάτη-Εξυπηρετητή επιτρέπει την απομακρυσμένη πρόσβαση σε πόρους, ενώ η 3-tier δεν το επιτρέπει.');
INSERT INTO "MultipleChoiceAnswers" ("MultipleChoiceAnswerId", "IsCorrect", "QuestionId", "Text")
VALUES (212, FALSE, 16, 'Η αρχιτεκτονική Πελάτη-Εξυπηρετητή είναι πιο ασφαλής από την 3-tier.');
INSERT INTO "MultipleChoiceAnswers" ("MultipleChoiceAnswerId", "IsCorrect", "QuestionId", "Text")
VALUES (213, TRUE, 16, 'Η 3-tier αρχιτεκτονική διαχωρίζει την εφαρμογή σε τρία στάδια (παρουσίαση, λογική επεξεργασία, αποθήκευση δεδομένων) για να επιτρέψει πιο ευέλικτο και ευκολότερα διαχειρίσιμο σχεδιασμό.');
INSERT INTO "MultipleChoiceAnswers" ("MultipleChoiceAnswerId", "IsCorrect", "QuestionId", "Text")
VALUES (214, FALSE, 16, 'Η 3-tier αρχιτεκτονική επιτρέπει μόνο μια σύνδεση στη φορά, ενώ η αρχιτεκτονική Πελάτη-Εξυπηρετητή επιτρέπει πολλαπλές συνδέσεις.');

INSERT INTO "QuestionLikertScaleAnswers" ("LikertScaleAnswersId", "QuestionId")
VALUES (2, 1);
INSERT INTO "QuestionLikertScaleAnswers" ("LikertScaleAnswersId", "QuestionId")
VALUES (3, 2);
INSERT INTO "QuestionLikertScaleAnswers" ("LikertScaleAnswersId", "QuestionId")
VALUES (3, 3);
INSERT INTO "QuestionLikertScaleAnswers" ("LikertScaleAnswersId", "QuestionId")
VALUES (3, 4);
INSERT INTO "QuestionLikertScaleAnswers" ("LikertScaleAnswersId", "QuestionId")
VALUES (4, 5);
INSERT INTO "QuestionLikertScaleAnswers" ("LikertScaleAnswersId", "QuestionId")
VALUES (5, 6);
INSERT INTO "QuestionLikertScaleAnswers" ("LikertScaleAnswersId", "QuestionId")
VALUES (6, 7);
INSERT INTO "QuestionLikertScaleAnswers" ("LikertScaleAnswersId", "QuestionId")
VALUES (7, 8);
INSERT INTO "QuestionLikertScaleAnswers" ("LikertScaleAnswersId", "QuestionId")
VALUES (8, 9);
INSERT INTO "QuestionLikertScaleAnswers" ("LikertScaleAnswersId", "QuestionId")
VALUES (9, 10);
INSERT INTO "QuestionLikertScaleAnswers" ("LikertScaleAnswersId", "QuestionId")
VALUES (3, 11);
INSERT INTO "QuestionLikertScaleAnswers" ("LikertScaleAnswersId", "QuestionId")
VALUES (1, 12);
INSERT INTO "QuestionLikertScaleAnswers" ("LikertScaleAnswersId", "QuestionId")
VALUES (1, 13);
INSERT INTO "QuestionLikertScaleAnswers" ("LikertScaleAnswersId", "QuestionId")
VALUES (1, 14);
INSERT INTO "QuestionLikertScaleAnswers" ("LikertScaleAnswersId", "QuestionId")
VALUES (1, 15);
INSERT INTO "QuestionLikertScaleAnswers" ("LikertScaleAnswersId", "QuestionId")
VALUES (1, 17);
INSERT INTO "QuestionLikertScaleAnswers" ("LikertScaleAnswersId", "QuestionId")
VALUES (1, 18);
INSERT INTO "QuestionLikertScaleAnswers" ("LikertScaleAnswersId", "QuestionId")
VALUES (1, 19);
INSERT INTO "QuestionLikertScaleAnswers" ("LikertScaleAnswersId", "QuestionId")
VALUES (3, 20);
INSERT INTO "QuestionLikertScaleAnswers" ("LikertScaleAnswersId", "QuestionId")
VALUES (1, 23);
INSERT INTO "QuestionLikertScaleAnswers" ("LikertScaleAnswersId", "QuestionId")
VALUES (1, 26);
INSERT INTO "QuestionLikertScaleAnswers" ("LikertScaleAnswersId", "QuestionId")
VALUES (1, 30);
INSERT INTO "QuestionLikertScaleAnswers" ("LikertScaleAnswersId", "QuestionId")
VALUES (1, 33);
INSERT INTO "QuestionLikertScaleAnswers" ("LikertScaleAnswersId", "QuestionId")
VALUES (1, 37);
INSERT INTO "QuestionLikertScaleAnswers" ("LikertScaleAnswersId", "QuestionId")
VALUES (1, 39);
INSERT INTO "QuestionLikertScaleAnswers" ("LikertScaleAnswersId", "QuestionId")
VALUES (1, 42);
INSERT INTO "QuestionLikertScaleAnswers" ("LikertScaleAnswersId", "QuestionId")
VALUES (1, 47);
INSERT INTO "QuestionLikertScaleAnswers" ("LikertScaleAnswersId", "QuestionId")
VALUES (1, 50);
INSERT INTO "QuestionLikertScaleAnswers" ("LikertScaleAnswersId", "QuestionId")
VALUES (1, 54);
INSERT INTO "QuestionLikertScaleAnswers" ("LikertScaleAnswersId", "QuestionId")
VALUES (1, 57);
INSERT INTO "QuestionLikertScaleAnswers" ("LikertScaleAnswersId", "QuestionId")
VALUES (1, 59);
INSERT INTO "QuestionLikertScaleAnswers" ("LikertScaleAnswersId", "QuestionId")
VALUES (1, 62);
INSERT INTO "QuestionLikertScaleAnswers" ("LikertScaleAnswersId", "QuestionId")
VALUES (1, 66);
INSERT INTO "QuestionLikertScaleAnswers" ("LikertScaleAnswersId", "QuestionId")
VALUES (1, 68);

INSERT INTO "Questions" ("QuestionId", "GeneralTestId", "Text", "Type", "UniversityTestId")
VALUES (69, NULL, 'Ποια από τις παρακάτω γλώσσες προγραμματισμού είναι η πιο δημοφιλής για την ανάπτυξη τεχνητής νοημοσύνης;', 1, 7);
INSERT INTO "Questions" ("QuestionId", "GeneralTestId", "Text", "Type", "UniversityTestId")
VALUES (70, NULL, 'Οι αλγόριθμοι μηχανικής μάθησης δεν μπορούν να εφαρμοστούν σε πραγματικά συστήματα, αλλά είναι μόνο για την ακαδημαϊκή έρευνα.', 0, 7);
INSERT INTO "Questions" ("QuestionId", "GeneralTestId", "Text", "Type", "UniversityTestId")
VALUES (71, NULL, 'Πόσο σας αρέσει να αναπτύσσετε λογισμικό που περιλαμβάνει έξυπνες λειτουργίες, όπως την τεχνητή νοημοσύνη;', 2, 7);
INSERT INTO "Questions" ("QuestionId", "GeneralTestId", "Text", "Type", "UniversityTestId")
VALUES (72, NULL, 'Ποια από τις παρακάτω είναι μια βασική μέθοδος για την εκπαίδευση ενός μοντέλου μηχανικής μάθησης;', 1, 7);
INSERT INTO "Questions" ("QuestionId", "GeneralTestId", "Text", "Type", "UniversityTestId")
VALUES (73, NULL, 'Πόσο αρέσει σας η ανάπτυξη εφαρμογών λογισμικού που επιλύουν πραγματικά προβλήματα;', 2, 7);
INSERT INTO "Questions" ("QuestionId", "GeneralTestId", "Text", "Type", "UniversityTestId")
VALUES (74, NULL, 'Η συγγραφή κώδικα είναι ο μοναδικός τρόπος για να αναπτύξετε λογισμικό.', 0, 7);
INSERT INTO "Questions" ("QuestionId", "GeneralTestId", "Text", "Type", "UniversityTestId")
VALUES (75, NULL, 'Ποια από τις παρακάτω μεθόδους είναι βασική για τη διαχείριση πολύπλοκων προβλημάτων λογισμικού;', 1, 7);
INSERT INTO "Questions" ("QuestionId", "GeneralTestId", "Text", "Type", "UniversityTestId")
VALUES (76, NULL, 'Ποιος από τους παρακάτω είναι ένας αλγόριθμος machine learning;', 1, 8);
INSERT INTO "Questions" ("QuestionId", "GeneralTestId", "Text", "Type", "UniversityTestId")
VALUES (77, NULL, 'Η ανάπτυξη λογισμικού αφορά μόνο την εγγραφή κώδικα.', 0, 8);
INSERT INTO "Questions" ("QuestionId", "GeneralTestId", "Text", "Type", "UniversityTestId")
VALUES (78, NULL, 'Πόσο σας αρέσει η ανάπτυξη λογισμικού;', 2, 8);
INSERT INTO "Questions" ("QuestionId", "GeneralTestId", "Text", "Type", "UniversityTestId")
VALUES (79, NULL, 'Ποια από τα παρακάτω είναι γλώσσα προγραμματισμού που χρησιμοποιείται ευρέως στην ανάπτυξη λογισμικού;', 1, 8);
INSERT INTO "Questions" ("QuestionId", "GeneralTestId", "Text", "Type", "UniversityTestId")
VALUES (80, NULL, 'Πόσο σας αρέσει η διαδικασία του debugging στον κώδικά σας;', 2, 8);
INSERT INTO "Questions" ("QuestionId", "GeneralTestId", "Text", "Type", "UniversityTestId")
VALUES (81, NULL, 'Τα Ευφυή Συστήματα χρησιμοποιούνται για την επεξεργασία και την ανάλυση δεδομένων μεγάλης κλίμακας.', 0, 8);
INSERT INTO "Questions" ("QuestionId", "GeneralTestId", "Text", "Type", "UniversityTestId")
VALUES (82, NULL, 'Ποιο από τα παρακάτω είναι ένα framework για την ανάπτυξη λογισμικού;', 1, 8);
INSERT INTO "Questions" ("QuestionId", "GeneralTestId", "Text", "Type", "UniversityTestId")
VALUES (83, NULL, 'Πόσο σας αρέσει η ανάπτυξη λογισμικού;', 2, 9);
INSERT INTO "Questions" ("QuestionId", "GeneralTestId", "Text", "Type", "UniversityTestId")
VALUES (84, NULL, 'Ποια από τα παρακάτω είναι γλώσσα προγραμματισμού που χρησιμοποιείται ευρέως στην ανάπτυξη λογισμικού;', 1, 9);
INSERT INTO "Questions" ("QuestionId", "GeneralTestId", "Text", "Type", "UniversityTestId")
VALUES (85, NULL, 'Πόσο σας αρέσει η διαδικασία του debugging στον κώδικά σας;', 2, 9);
INSERT INTO "Questions" ("QuestionId", "GeneralTestId", "Text", "Type", "UniversityTestId")
VALUES (86, NULL, 'Τα Ευφυή Συστήματα χρησιμοποιούνται για την επεξεργασία και την ανάλυση δεδομένων μεγάλης κλίμακας.', 0, 9);
INSERT INTO "Questions" ("QuestionId", "GeneralTestId", "Text", "Type", "UniversityTestId")
VALUES (87, NULL, 'Ποιο από τα παρακάτω είναι ένα framework για την ανάπτυξη λογισμικού;', 1, 9);
INSERT INTO "Questions" ("QuestionId", "GeneralTestId", "Text", "Type", "UniversityTestId")
VALUES (88, NULL, 'Πόσο σας αρέσει να αναπτύσσετε λογισμικό που περιλαμβάνει έξυπνες λειτουργίες, όπως την τεχνητή νοημοσύνη;', 2, 9);
INSERT INTO "Questions" ("QuestionId", "GeneralTestId", "Text", "Type", "UniversityTestId")
VALUES (89, NULL, 'Ποια από τις παρακάτω είναι μια βασική μέθοδος για την εκπαίδευση ενός μοντέλου μηχανικής μάθησης;', 1, 9);
INSERT INTO "Questions" ("QuestionId", "GeneralTestId", "Text", "Type", "UniversityTestId")
VALUES (90, NULL, 'Πόσο αρέσει σας η ανάπτυξη εφαρμογών λογισμικού που επιλύουν πραγματικά προβλήματα;', 2, 9);
INSERT INTO "Questions" ("QuestionId", "GeneralTestId", "Text", "Type", "UniversityTestId")
VALUES (91, NULL, 'Η συγγραφή κώδικα είναι ο μοναδικός τρόπος για να αναπτύξετε λογισμικό.', 0, 9);
INSERT INTO "Questions" ("QuestionId", "GeneralTestId", "Text", "Type", "UniversityTestId")
VALUES (92, NULL, 'Ποια από τις παρακάτω μεθόδους είναι βασική για τη διαχείριση πολύπλοκων προβλημάτων λογισμικού;', 1, 9);
INSERT INTO "Questions" ("QuestionId", "GeneralTestId", "Text", "Type", "UniversityTestId")
VALUES (93, NULL, 'Ποια από τις ακόλουθες τεχνολογίες αναφέρεται περισσότερο στην αυτοματοποίηση διαχείρισης και εκτέλεσης λογισμικού σε εικονικούς εξυπηρετητές;', 1, 10);
INSERT INTO "Questions" ("QuestionId", "GeneralTestId", "Text", "Type", "UniversityTestId")
VALUES (94, NULL, 'Οι βάσεις δεδομένων NoSQL είναι καλύτερες για την επεξεργασία μεγάλων όγκων δεδομένων σε σύγκριση με τις SQL βάσεις δεδομένων.', 0, 10);
INSERT INTO "Questions" ("QuestionId", "GeneralTestId", "Text", "Type", "UniversityTestId")
VALUES (95, NULL, 'Σε ποιο βαθμό σας αρέσει να ασχολείστε με την διαχείριση και την συντήρηση υπολογιστικών συστημάτων;', 2, 10);
INSERT INTO "Questions" ("QuestionId", "GeneralTestId", "Text", "Type", "UniversityTestId")
VALUES (96, NULL, 'Ποιο από τα ακόλουθα λειτουργικά συστήματα είναι πιο πιθανό να χρησιμοποιηθεί σε επαγγελματικό περιβάλλον για διαχείριση δικτύων;', 1, 10);
INSERT INTO "Questions" ("QuestionId", "GeneralTestId", "Text", "Type", "UniversityTestId")
VALUES (97, NULL, 'Η διαχείριση των ανθρώπινων πόρων και η επικοινωνία είναι σημαντικές δεξιότητες στη διοίκηση υπολογιστικών συστημάτων.', 0, 10);
INSERT INTO "Questions" ("QuestionId", "GeneralTestId", "Text", "Type", "UniversityTestId")
VALUES (98, NULL, 'Πόσο σας αρέσει να εργάζεστε με υπολογιστικά συστήματα και δίκτυα σε σύγκριση με τον προγραμματισμό;', 2, 10);
INSERT INTO "Questions" ("QuestionId", "GeneralTestId", "Text", "Type", "UniversityTestId")
VALUES (99, NULL, 'Ποιο από τα ακόλουθα είναι ένα εργαλείο διαχείρισης κώδικα που χρησιμοποιείται στη διαχείριση υπολογιστικών συστημάτων;', 1, 10);
INSERT INTO "Questions" ("QuestionId", "GeneralTestId", "Text", "Type", "UniversityTestId")
VALUES (100, NULL, 'Ποιο από τα παρακάτω είναι ένα πρότυπο πρωτοκόλλου δικτύου;', 1, 11);
INSERT INTO "Questions" ("QuestionId", "GeneralTestId", "Text", "Type", "UniversityTestId")
VALUES (101, NULL, 'Το Wi-Fi είναι ο μόνος τρόπος για να συνδεθείτε ασύρματα σε ένα δίκτυο.', 0, 11);
INSERT INTO "Questions" ("QuestionId", "GeneralTestId", "Text", "Type", "UniversityTestId")
VALUES (102, NULL, 'Πόσο σας αρέσει να σχεδιάζετε και να εφαρμόζετε δίκτυα;', 2, 11);
INSERT INTO "Questions" ("QuestionId", "GeneralTestId", "Text", "Type", "UniversityTestId")
VALUES (103, NULL, 'Ποιο από τα παρακάτω πρωτόκολλα χρησιμοποιείται για τη μεταφορά ηλεκτρονικών μηνυμάτων;', 1, 11);
INSERT INTO "Questions" ("QuestionId", "GeneralTestId", "Text", "Type", "UniversityTestId")
VALUES (104, NULL, 'Πόσο σας αρέσει η δημιουργία και διαχείριση υπηρεσιών δικτύου, όπως ηλεκτρονικό ταχυδρομείο, web servers, κλπ.;', 2, 11);
INSERT INTO "Questions" ("QuestionId", "GeneralTestId", "Text", "Type", "UniversityTestId")
VALUES (105, NULL, 'Το VPN είναι μια τεχνική που χρησιμοποιείται για να κάνει ένα δίκτυο ασφαλέστερο.', 0, 11);
INSERT INTO "Questions" ("QuestionId", "GeneralTestId", "Text", "Type", "UniversityTestId")
VALUES (106, NULL, 'Ποια από τα παρακάτω είναι τεχνική για την καταπολέμηση των DDoS επιθέσεων;', 1, 11);
INSERT INTO "Questions" ("QuestionId", "GeneralTestId", "Text", "Type", "UniversityTestId")
VALUES (107, NULL, 'Ποια από τις ακόλουθες τεχνολογίες αναφέρεται περισσότερο στην αυτοματοποίηση διαχείρισης και εκτέλεσης λογισμικού σε εικονικούς εξυπηρετητές;', 1, 12);
INSERT INTO "Questions" ("QuestionId", "GeneralTestId", "Text", "Type", "UniversityTestId")
VALUES (108, NULL, 'Οι βάσεις δεδομένων NoSQL είναι καλύτερες για την επεξεργασία μεγάλων όγκων δεδομένων σε σύγκριση με τις SQL βάσεις δεδομένων.', 0, 12);
INSERT INTO "Questions" ("QuestionId", "GeneralTestId", "Text", "Type", "UniversityTestId")
VALUES (109, NULL, 'Σε ποιο βαθμό σας αρέσει να ασχολείστε με την διαχείριση και την συντήρηση υπολογιστικών συστημάτων;', 2, 12);
INSERT INTO "Questions" ("QuestionId", "GeneralTestId", "Text", "Type", "UniversityTestId")
VALUES (110, NULL, 'Ποιο από τα ακόλουθα λειτουργικά συστήματα είναι πιο πιθανό να χρησιμοποιηθεί σε επαγγελματικό περιβάλλον για διαχείριση δικτύων;', 1, 12);
INSERT INTO "Questions" ("QuestionId", "GeneralTestId", "Text", "Type", "UniversityTestId")
VALUES (111, NULL, 'Η διαχείριση των ανθρώπινων πόρων και η επικοινωνία είναι σημαντικές δεξιότητες στη διοίκηση υπολογιστικών συστημάτων.', 0, 12);
INSERT INTO "Questions" ("QuestionId", "GeneralTestId", "Text", "Type", "UniversityTestId")
VALUES (112, NULL, 'Πόσο σας αρέσει να σχεδιάζετε και να εφαρμόζετε δίκτυα;', 2, 12);
INSERT INTO "Questions" ("QuestionId", "GeneralTestId", "Text", "Type", "UniversityTestId")
VALUES (113, NULL, 'Ποιο από τα παρακάτω πρωτόκολλα χρησιμοποιείται για τη μεταφορά ηλεκτρονικών μηνυμάτων;', 1, 12);
INSERT INTO "Questions" ("QuestionId", "GeneralTestId", "Text", "Type", "UniversityTestId")
VALUES (114, NULL, ' Πόσο σας αρέσει η δημιουργία και διαχείριση υπηρεσιών δικτύου, όπως ηλεκτρονικό ταχυδρομείο, web servers, κλπ.;', 2, 12);
INSERT INTO "Questions" ("QuestionId", "GeneralTestId", "Text", "Type", "UniversityTestId")
VALUES (115, NULL, 'Το VPN είναι μια τεχνική που χρησιμοποιείται για να κάνει ένα δίκτυο ασφαλέστερο.', 0, 12);
INSERT INTO "Questions" ("QuestionId", "GeneralTestId", "Text", "Type", "UniversityTestId")
VALUES (116, NULL, 'Ποια από τα παρακάτω είναι τεχνική για την καταπολέμηση των DDoS επιθέσεων;', 1, 12);
INSERT INTO "Questions" ("QuestionId", "GeneralTestId", "Text", "Type", "UniversityTestId")
VALUES (117, NULL, 'Ποιο από τα παρακάτω είναι ένας δημοφιλής αλγόριθμος κατακερματισμού (hashing) που χρησιμοποιείται για την ασφάλεια των ψηφιακών συστημάτων;', 1, 13);
INSERT INTO "Questions" ("QuestionId", "GeneralTestId", "Text", "Type", "UniversityTestId")
VALUES (118, NULL, 'Η ασύρματη επικοινωνία είναι πάντα πιο ασφαλής από την ενσύρματη επικοινωνία.', 0, 13);
INSERT INTO "Questions" ("QuestionId", "GeneralTestId", "Text", "Type", "UniversityTestId")
VALUES (119, NULL, 'Πόσο σας αρέσει η εργασία που περιλαμβάνει την ανάλυση και την ασφάλεια των ψηφιακών συστημάτων;', 2, 13);
INSERT INTO "Questions" ("QuestionId", "GeneralTestId", "Text", "Type", "UniversityTestId")
VALUES (120, NULL, 'Ποια από τις παρακάτω είναι μια κοινή πρακτική για την προστασία των ψηφιακών συστημάτων από επιθέσεις;', 1, 13);
INSERT INTO "Questions" ("QuestionId", "GeneralTestId", "Text", "Type", "UniversityTestId")
VALUES (121, NULL, 'Πόσο απολαύσατε τη μάθηση για την ασφάλεια των δεδομένων και των ψηφιακών συστημάτων;', 2, 13);
INSERT INTO "Questions" ("QuestionId", "GeneralTestId", "Text", "Type", "UniversityTestId")
VALUES (122, NULL, 'Το phishing είναι μια μέθοδος επίθεσης που προσπαθεί να αποκτήσει πρόσβαση σε ευαίσθητες πληροφορίες προσποιούμενη ότι είναι μια αξιόπιστη οντότητα.', 0, 13);
INSERT INTO "Questions" ("QuestionId", "GeneralTestId", "Text", "Type", "UniversityTestId")
VALUES (123, NULL, 'Ποια από τις παρακάτω είναι μια τεχνική που χρησιμοποιείται για την αποτελεσματική προστασία των δεδομένων στα ψηφιακά συστήματα;', 1, 13);
INSERT INTO "Questions" ("QuestionId", "GeneralTestId", "Text", "Type", "UniversityTestId")
VALUES (124, NULL, 'Ποια είναι η βασική λειτουργία ενός ψηφιακού πολλαπλασιαστή;', 1, 14);
INSERT INTO "Questions" ("QuestionId", "GeneralTestId", "Text", "Type", "UniversityTestId")
VALUES (125, NULL, 'Οι μικροελεγκτές είναι τύπος μικροεπεξεργαστή με ενσωματωμένη μνήμη και περιφερειακά.', 0, 14);
INSERT INTO "Questions" ("QuestionId", "GeneralTestId", "Text", "Type", "UniversityTestId")
VALUES (126, NULL, 'Πόσο συμφωνείτε με την εξής δήλωση; ''Οι FPGA (Field Programmable Gate Arrays) είναι ιδιαίτερα χρήσιμες για τον πρωτότυπο σχεδιασμό και την ανάπτυξη ψηφιακών συστημάτων.''', 2, 14);
INSERT INTO "Questions" ("QuestionId", "GeneralTestId", "Text", "Type", "UniversityTestId")
VALUES (127, NULL, 'Ποιο από τα παρακάτω πρωτόκολλα είναι ιδιαίτερα χρήσιμο για την επικοινωνία μεταξύ μικροελεγκτών και άλλων ηλεκτρονικών εξαρτημάτων σε ένα ψηφιακό σύστημα;', 1, 14);
INSERT INTO "Questions" ("QuestionId", "GeneralTestId", "Text", "Type", "UniversityTestId")
VALUES (128, NULL, 'Η ολοκλήρωση και τακτοποίηση κώδικα είναι ένας τρόπος για να βελτιστοποιηθεί η απόδοση ενός ψηφιακού συστήματος.', 0, 14);
INSERT INTO "Questions" ("QuestionId", "GeneralTestId", "Text", "Type", "UniversityTestId")
VALUES (129, NULL, 'Πόσο σας αρέσει η ανάπτυξη ψηφιακών συστημάτων;', 2, 14);
INSERT INTO "Questions" ("QuestionId", "GeneralTestId", "Text", "Type", "UniversityTestId")
VALUES (130, NULL, 'Ποιο από τα παρακάτω είναι ένα κοινό πρόβλημα στο σχεδιασμό ψηφιακών συστημάτων;', 1, 14);
INSERT INTO "Questions" ("QuestionId", "GeneralTestId", "Text", "Type", "UniversityTestId")
VALUES (131, NULL, 'Ποιο από τα παρακάτω είναι ένας δημοφιλής αλγόριθμος κατακερματισμού (hashing) που χρησιμοποιείται για την ασφάλεια των ψηφιακών συστημάτων;', 1, 15);
INSERT INTO "Questions" ("QuestionId", "GeneralTestId", "Text", "Type", "UniversityTestId")
VALUES (132, NULL, 'Η ασύρματη επικοινωνία είναι πάντα πιο ασφαλής από την ενσύρματη επικοινωνία.', 0, 15);
INSERT INTO "Questions" ("QuestionId", "GeneralTestId", "Text", "Type", "UniversityTestId")
VALUES (133, NULL, 'Πόσο σας αρέσει η εργασία που περιλαμβάνει την ανάλυση και την ασφάλεια των ψηφιακών συστημάτων;', 2, 15);
INSERT INTO "Questions" ("QuestionId", "GeneralTestId", "Text", "Type", "UniversityTestId")
VALUES (134, NULL, 'Ποια από τις παρακάτω είναι μια κοινή πρακτική για την προστασία των ψηφιακών συστημάτων από επιθέσεις;', 1, 15);
INSERT INTO "Questions" ("QuestionId", "GeneralTestId", "Text", "Type", "UniversityTestId")
VALUES (135, NULL, 'Πόσο απολαύσατε τη μάθηση για την ασφάλεια των δεδομένων και των ψηφιακών συστημάτων;', 2, 15);
INSERT INTO "Questions" ("QuestionId", "GeneralTestId", "Text", "Type", "UniversityTestId")
VALUES (136, NULL, 'Πόσο συμφωνείτε με την εξής δήλωση; ''Οι FPGA (Field Programmable Gate Arrays) είναι ιδιαίτερα χρήσιμες για τον πρωτότυπο σχεδιασμό και την ανάπτυξη ψηφιακών συστημάτων.''', 2, 15);
INSERT INTO "Questions" ("QuestionId", "GeneralTestId", "Text", "Type", "UniversityTestId")
VALUES (137, NULL, 'Ποιο από τα παρακάτω πρωτόκολλα είναι ιδιαίτερα χρήσιμο για την επικοινωνία μεταξύ μικροελεγκτών και άλλων ηλεκτρονικών εξαρτημάτων σε ένα ψηφιακό σύστημα;', 1, 15);
INSERT INTO "Questions" ("QuestionId", "GeneralTestId", "Text", "Type", "UniversityTestId")
VALUES (138, NULL, 'Η ολοκλήρωση και τακτοποίηση κώδικα είναι ένας τρόπος για να βελτιστοποιηθεί η απόδοση ενός ψηφιακού συστήματος.', 0, 15);
INSERT INTO "Questions" ("QuestionId", "GeneralTestId", "Text", "Type", "UniversityTestId")
VALUES (139, NULL, 'Πόσο σας άρεσε η ανάπτυξη ψηφιακών συστημάτων.', 2, 15);
INSERT INTO "Questions" ("QuestionId", "GeneralTestId", "Text", "Type", "UniversityTestId")
VALUES (140, NULL, 'Ποιο από τα παρακάτω είναι ένα κοινό πρόβλημα στο σχεδιασμό ψηφιακών συστημάτων;', 1, 15);
INSERT INTO "Questions" ("QuestionId", "GeneralTestId", "Text", "Type", "UniversityTestId")
VALUES (141, NULL, 'Ποιος από τους παρακάτω είναι ένας κλασικός αλγόριθμος για την εκπαίδευση νευρωνικών δικτύων;', 1, 16);
INSERT INTO "Questions" ("QuestionId", "GeneralTestId", "Text", "Type", "UniversityTestId")
VALUES (142, NULL, 'Οι αλγόριθμοι μηχανικής μάθησης δεν μπορούν να εκπαιδευτούν με μη εποπτευόμενη μάθηση.', 0, 16);
INSERT INTO "Questions" ("QuestionId", "GeneralTestId", "Text", "Type", "UniversityTestId")
VALUES (143, NULL, 'Πόσο σας αρέσει η ανάπτυξη ευφυών συστημάτων;', 2, 16);
INSERT INTO "Questions" ("QuestionId", "GeneralTestId", "Text", "Type", "UniversityTestId")
VALUES (144, NULL, 'Ποιος από τους παρακάτω είναι ένα παράδειγμα ευφυούς συστήματος;', 1, 16);
INSERT INTO "Questions" ("QuestionId", "GeneralTestId", "Text", "Type", "UniversityTestId")
VALUES (145, NULL, 'Πόσο σας αρέσει η εργασία σε ομάδες για την ανάπτυξη λογισμικού;', 2, 16);
INSERT INTO "Questions" ("QuestionId", "GeneralTestId", "Text", "Type", "UniversityTestId")
VALUES (146, NULL, 'Τα ανοιχτού κώδικα λογισμικά δεν επιτρέπουν την προσαρμογή του κώδικά τους από τον τελικό χρήστη.', 0, 16);
INSERT INTO "Questions" ("QuestionId", "GeneralTestId", "Text", "Type", "UniversityTestId")
VALUES (147, NULL, 'Ποια γλώσσα προγραμματισμού είναι συνήθως προτιμητέα για την ανάπτυξη ευφυών συστημάτων;', 1, 16);
INSERT INTO "Questions" ("QuestionId", "GeneralTestId", "Text", "Type", "UniversityTestId")
VALUES (148, NULL, 'Ποια από τα παρακάτω είναι μια δημοφιλής τεχνική βελτιστοποίησης για την εκπαίδευση νευρωνικών δικτύων;', 1, 17);
INSERT INTO "Questions" ("QuestionId", "GeneralTestId", "Text", "Type", "UniversityTestId")
VALUES (149, NULL, 'Οι γεννήτριες αντίστασης (GANs) είναι ένας τύπος μη εποπτευόμενης μάθησης.', 0, 17);
INSERT INTO "Questions" ("QuestionId", "GeneralTestId", "Text", "Type", "UniversityTestId")
VALUES (150, NULL, 'Πόσο σας αρέσει η εφαρμογή τεχνητής νοημοσύνης σε πραγματικά προβλήματα;', 2, 17);
INSERT INTO "Questions" ("QuestionId", "GeneralTestId", "Text", "Type", "UniversityTestId")
VALUES (151, NULL, 'Ποιος από τους παρακάτω αλγορίθμους είναι πιο κατάλληλος για την επεξεργασία φυσικής γλώσσας (NLP);', 1, 17);
INSERT INTO "Questions" ("QuestionId", "GeneralTestId", "Text", "Type", "UniversityTestId")
VALUES (152, NULL, 'Πόσο σας αρέσει η προγραμματιστική γλώσσα Python για την ανάπτυξη ευφυών συστημάτων;', 2, 17);
INSERT INTO "Questions" ("QuestionId", "GeneralTestId", "Text", "Type", "UniversityTestId")
VALUES (153, NULL, 'Ο Αλγόριθμος του Gradient Descent μπορεί να χρησιμοποιηθεί για να βελτιστοποιήσει ένα νευρωνικό δίκτυο.', 0, 17);
INSERT INTO "Questions" ("QuestionId", "GeneralTestId", "Text", "Type", "UniversityTestId")
VALUES (154, NULL, 'Ποια είναι μια κοινή εφαρμογή των Ευφυών Συστημάτων;', 1, 17);
INSERT INTO "Questions" ("QuestionId", "GeneralTestId", "Text", "Type", "UniversityTestId")
VALUES (155, NULL, 'Ποιος από τους παρακάτω είναι ένας κλασικός αλγόριθμος για την εκπαίδευση νευρωνικών δικτύων;', 1, 18);
INSERT INTO "Questions" ("QuestionId", "GeneralTestId", "Text", "Type", "UniversityTestId")
VALUES (156, NULL, ' Οι αλγόριθμοι μηχανικής μάθησης δεν μπορούν να εκπαιδευτούν με μη εποπτευόμενη μάθηση.', 0, 18);
INSERT INTO "Questions" ("QuestionId", "GeneralTestId", "Text", "Type", "UniversityTestId")
VALUES (157, NULL, 'Πόσο σας αρέσει η ανάπτυξη ευφυών συστημάτων;', 2, 18);
INSERT INTO "Questions" ("QuestionId", "GeneralTestId", "Text", "Type", "UniversityTestId")
VALUES (158, NULL, 'Ποιος από τους παρακάτω είναι ένα παράδειγμα ευφυούς συστήματος;', 1, 18);
INSERT INTO "Questions" ("QuestionId", "GeneralTestId", "Text", "Type", "UniversityTestId")
VALUES (159, NULL, 'Πόσο σας αρέσει η εργασία σε ομάδες για την ανάπτυξη λογισμικού;', 2, 18);
INSERT INTO "Questions" ("QuestionId", "GeneralTestId", "Text", "Type", "UniversityTestId")
VALUES (160, NULL, 'Πόσο σας αρέσει η εφαρμογή τεχνητής νοημοσύνης σε πραγματικά προβλήματα;', 2, 18);
INSERT INTO "Questions" ("QuestionId", "GeneralTestId", "Text", "Type", "UniversityTestId")
VALUES (161, NULL, 'Ποιος από τους παρακάτω αλγορίθμους είναι πιο κατάλληλος για την επεξεργασία φυσικής γλώσσας (NLP);', 1, 18);
INSERT INTO "Questions" ("QuestionId", "GeneralTestId", "Text", "Type", "UniversityTestId")
VALUES (162, NULL, 'Πόσο σας αρέσει η προγραμματιστική γλώσσα Python για την ανάπτυξη ευφυών συστημάτων;', 2, 18);
INSERT INTO "Questions" ("QuestionId", "GeneralTestId", "Text", "Type", "UniversityTestId")
VALUES (163, NULL, 'Ο Αλγόριθμος του Gradient Descent μπορεί να χρησιμοποιηθεί για να βελτιστοποιήσει ένα νευρωνικό δίκτυο.', 0, 18);
INSERT INTO "Questions" ("QuestionId", "GeneralTestId", "Text", "Type", "UniversityTestId")
VALUES (164, NULL, 'Ποια είναι μια κοινή εφαρμογή των Ευφυών Συστημάτων;', 1, 18);
INSERT INTO "Questions" ("QuestionId", "GeneralTestId", "Text", "Type", "UniversityTestId")
VALUES (165, NULL, ' Ποιο από τα παρακάτω είναι ένα πρωτόκολλο ρουτίνγκ;', 1, 19);
INSERT INTO "Questions" ("QuestionId", "GeneralTestId", "Text", "Type", "UniversityTestId")
VALUES (166, NULL, 'Το ιδιωτικό δίκτυο VPN μπορεί να παρέχει ασφαλή επικοινωνία σε ένα δημόσιο δίκτυο.', 0, 19);
INSERT INTO "Questions" ("QuestionId", "GeneralTestId", "Text", "Type", "UniversityTestId")
VALUES (167, NULL, 'Πόσο σας αρέσει η σχεδίαση και η υλοποίηση δικτύων;', 2, 19);
INSERT INTO "Questions" ("QuestionId", "GeneralTestId", "Text", "Type", "UniversityTestId")
VALUES (168, NULL, 'Ποιο από τα παρακάτω είναι ένας τύπος ασύρματου δικτύου;', 1, 19);
INSERT INTO "Questions" ("QuestionId", "GeneralTestId", "Text", "Type", "UniversityTestId")
VALUES (169, NULL, 'Πόσο σας αρέσει η ανάπτυξη και η διαχείριση δικτυακών υπηρεσιών;', 2, 19);
INSERT INTO "Questions" ("QuestionId", "GeneralTestId", "Text", "Type", "UniversityTestId")
VALUES (170, NULL, 'Το Ethernet είναι ένα πρωτόκολλο του τρίτου επιπέδου στην ταξινόμηση OSI.', 0, 19);
INSERT INTO "Questions" ("QuestionId", "GeneralTestId", "Text", "Type", "UniversityTestId")
VALUES (171, NULL, 'Ποιο από τα παρακάτω είναι ένα πρωτόκολλο εφαρμογών;', 1, 19);
INSERT INTO "Questions" ("QuestionId", "GeneralTestId", "Text", "Type", "UniversityTestId")
VALUES (172, NULL, 'Ποια είναι μια κοινή μέθοδος για την εξασφάλιση της ασφάλειας στα δικτυακά συστήματα;', 1, 20);
INSERT INTO "Questions" ("QuestionId", "GeneralTestId", "Text", "Type", "UniversityTestId")
VALUES (173, NULL, 'Το IPv6 προσφέρει μεγαλύτερο αριθμό διευθύνσεων σε σύγκριση με το IPv4.', 0, 20);
INSERT INTO "Questions" ("QuestionId", "GeneralTestId", "Text", "Type", "UniversityTestId")
VALUES (174, NULL, 'Οι τεχνολογίες cloud computing έχουν καταστήσει τη διαχείριση δεδομένων πιο απλή.', 2, 20);
INSERT INTO "Questions" ("QuestionId", "GeneralTestId", "Text", "Type", "UniversityTestId")
VALUES (175, NULL, 'Ποιος από τους παρακάτω αλγόριθμους είναι ο καλύτερος για την αντιμετώπιση του προβλήματος της συμφόρησης στο δίκτυο;', 1, 20);
INSERT INTO "Questions" ("QuestionId", "GeneralTestId", "Text", "Type", "UniversityTestId")
VALUES (176, NULL, 'Το Multiprotocol Label Switching (MPLS) είναι μια τεχνική για τη βελτίωση της επικοινωνίας σε υψηλής ταχύτητας τηλεπικοινωνιακά δίκτυα.', 0, 20);
INSERT INTO "Questions" ("QuestionId", "GeneralTestId", "Text", "Type", "UniversityTestId")
VALUES (177, NULL, 'Προτιμώ την εργασία σε φυσικά σε σχέση με τα εικονικά δίκτυα;', 2, 20);
INSERT INTO "Questions" ("QuestionId", "GeneralTestId", "Text", "Type", "UniversityTestId")
VALUES (178, NULL, 'Ποιο από τα παρακάτω πρωτόκολλα χρησιμοποιείται για την ανίχνευση βλαβών σε δικτυακές συσκευές;', 1, 20);
INSERT INTO "Questions" ("QuestionId", "GeneralTestId", "Text", "Type", "UniversityTestId")
VALUES (179, NULL, 'Το ιδιωτικό δίκτυο VPN μπορεί να παρέχει ασφαλή επικοινωνία σε ένα δημόσιο δίκτυο.', 0, 21);
INSERT INTO "Questions" ("QuestionId", "GeneralTestId", "Text", "Type", "UniversityTestId")
VALUES (180, NULL, 'Πόσο σας αρέσει η σχεδίαση και η υλοποίηση δικτύων;', 2, 21);
INSERT INTO "Questions" ("QuestionId", "GeneralTestId", "Text", "Type", "UniversityTestId")
VALUES (181, NULL, 'Ποιο από τα παρακάτω είναι ένας τύπος ασύρματου δικτύου;', 1, 21);
INSERT INTO "Questions" ("QuestionId", "GeneralTestId", "Text", "Type", "UniversityTestId")
VALUES (182, NULL, 'Ποιος από τους παρακάτω αλγόριθμους είναι ο καλύτερος για την αντιμετώπιση του προβλήματος της συμφόρησης στο δίκτυο;', 1, 21);
INSERT INTO "Questions" ("QuestionId", "GeneralTestId", "Text", "Type", "UniversityTestId")
VALUES (183, NULL, 'Το Multiprotocol Label Switching (MPLS) είναι μια τεχνική για τη βελτίωση της επικοινωνίας σε υψηλής ταχύτητας τηλεπικοινωνιακά δίκτυα.', 0, 21);
INSERT INTO "Questions" ("QuestionId", "GeneralTestId", "Text", "Type", "UniversityTestId")
VALUES (184, NULL, 'Προτιμώ την εργασία σε φυσικά σε σχέση με τα εικονικά δίκτυα;', 2, 21);
INSERT INTO "Questions" ("QuestionId", "GeneralTestId", "Text", "Type", "UniversityTestId")
VALUES (185, NULL, 'Ποιο από τα παρακάτω πρωτόκολλα χρησιμοποιείται για την ανίχνευση βλαβών σε δικτυακές συσκευές;', 1, 21);
INSERT INTO "Questions" ("QuestionId", "GeneralTestId", "Text", "Type", "UniversityTestId")
VALUES (186, NULL, 'Ποια είναι μια κοινή μέθοδος για την εξασφάλιση της ασφάλειας στα δικτυακά συστήματα;', 1, 21);
INSERT INTO "Questions" ("QuestionId", "GeneralTestId", "Text", "Type", "UniversityTestId")
VALUES (187, NULL, 'Ποιο από τα παρακάτω είναι ένα πρωτόκολλο ρουτίνγκ;', 1, 21);
INSERT INTO "Questions" ("QuestionId", "GeneralTestId", "Text", "Type", "UniversityTestId")
VALUES (188, NULL, 'Πόσο σας αρέσει η ανάπτυξη και η διαχείριση δικτυακών υπηρεσιών;', 2, 21);
INSERT INTO "Questions" ("QuestionId", "GeneralTestId", "Text", "Type", "UniversityTestId")
VALUES (189, NULL, 'Ποια είναι η κύρια λειτουργία του διαχειριστή μνήμης σε ένα λειτουργικό σύστημα;', 1, 22);
INSERT INTO "Questions" ("QuestionId", "GeneralTestId", "Text", "Type", "UniversityTestId")
VALUES (190, NULL, 'Τα λειτουργικά συστήματα παρέχουν μια διεπαφή μεταξύ του χρήστη και του υλικού του υπολογιστή.', 0, 22);
INSERT INTO "Questions" ("QuestionId", "GeneralTestId", "Text", "Type", "UniversityTestId")
VALUES (191, NULL, 'Πόσο σας αρέσει η ανάπτυξη λειτουργικών συστημάτων;', 2, 22);
INSERT INTO "Questions" ("QuestionId", "GeneralTestId", "Text", "Type", "UniversityTestId")
VALUES (192, NULL, 'Ποιος από τους παρακάτω είναι ένας τύπος αλγορίθμου δρομολόγησης επεξεργασίας;', 1, 22);
INSERT INTO "Questions" ("QuestionId", "GeneralTestId", "Text", "Type", "UniversityTestId")
VALUES (193, NULL, 'Πόσο σας αρέσει η ανάλυση και σχεδιασμός αλγορίθμων;', 2, 22);
INSERT INTO "Questions" ("QuestionId", "GeneralTestId", "Text", "Type", "UniversityTestId")
VALUES (194, NULL, 'Το θραύσμα της μνήμης είναι ένας αποδοτικός τρόπος διαχείρισης της μνήμης.', 0, 22);
INSERT INTO "Questions" ("QuestionId", "GeneralTestId", "Text", "Type", "UniversityTestId")
VALUES (195, NULL, 'Σε ποια αρχιτεκτονική υπολογιστών αναφερόμαστε όταν μιλάμε για ''πολυεπεξεργασία'';', 1, 22);
INSERT INTO "Questions" ("QuestionId", "GeneralTestId", "Text", "Type", "UniversityTestId")
VALUES (196, NULL, 'Ποιο από τα παρακάτω είναι μια συχνή τεχνική στην ανάπτυξη FPGA (Field Programmable Gate Array);', 1, 23);
INSERT INTO "Questions" ("QuestionId", "GeneralTestId", "Text", "Type", "UniversityTestId")
VALUES (197, NULL, 'Τα κβαντικά υπολογιστικά συστήματα χρησιμοποιούν την αρχή της συνέπειας για να επιταχύνουν τους υπολογισμούς.', 0, 23);
INSERT INTO "Questions" ("QuestionId", "GeneralTestId", "Text", "Type", "UniversityTestId")
VALUES (198, NULL, 'Πόσο σας αρέσει η έννοια του Internet of Things (IoT) στην πρακτική εφαρμογή;', 2, 23);
INSERT INTO "Questions" ("QuestionId", "GeneralTestId", "Text", "Type", "UniversityTestId")
VALUES (199, NULL, 'Ποιο από τα παρακάτω συστήματα είναι πιο πιθανό να χρησιμοποιηθεί σε μια εφαρμογή υψηλής απόδοσης;', 1, 23);
INSERT INTO "Questions" ("QuestionId", "GeneralTestId", "Text", "Type", "UniversityTestId")
VALUES (200, NULL, 'Η Αρχιτεκτονική Υπολογιστών έχει σημαντική επίδραση στην απόδοση και την αποτελεσματικότητα των υπολογιστικών συστημάτων.', 0, 23);
INSERT INTO "Questions" ("QuestionId", "GeneralTestId", "Text", "Type", "UniversityTestId")
VALUES (201, NULL, 'Πόσο σας αρέσει να δουλεύετε με σύνθετα συστήματα όπως τα υπερυπολογιστικά συστήματα;', 2, 23);
INSERT INTO "Questions" ("QuestionId", "GeneralTestId", "Text", "Type", "UniversityTestId")
VALUES (202, NULL, 'Ποια από τα παρακάτω είναι μια δυνατή εφαρμογή των πολυπύρηνων επεξεργαστών;', 1, 23);
INSERT INTO "Questions" ("QuestionId", "GeneralTestId", "Text", "Type", "UniversityTestId")
VALUES (203, NULL, 'Ποια είναι η κύρια λειτουργία του διαχειριστή μνήμης σε ένα λειτουργικό σύστημα;', 1, 24);
INSERT INTO "Questions" ("QuestionId", "GeneralTestId", "Text", "Type", "UniversityTestId")
VALUES (204, NULL, 'Tα λειτουργικά συστήματα παρέχουν μια διεπαφή μεταξύ του χρήστη και του υλικού του υπολογιστή.', 0, 24);
INSERT INTO "Questions" ("QuestionId", "GeneralTestId", "Text", "Type", "UniversityTestId")
VALUES (205, NULL, 'Πόσο σας αρέσει η ανάπτυξη λειτουργικών συστημάτων;', 2, 24);
INSERT INTO "Questions" ("QuestionId", "GeneralTestId", "Text", "Type", "UniversityTestId")
VALUES (206, NULL, 'Ποιος από τους παρακάτω είναι ένας τύπος αλγορίθμου δρομολόγησης επεξεργασίας;', 1, 24);
INSERT INTO "Questions" ("QuestionId", "GeneralTestId", "Text", "Type", "UniversityTestId")
VALUES (207, NULL, 'Το θραύσμα της μνήμης είναι ένας αποδοτικός τρόπος διαχείρισης της μνήμης.', 0, 24);
INSERT INTO "Questions" ("QuestionId", "GeneralTestId", "Text", "Type", "UniversityTestId")
VALUES (208, NULL, 'Ποιο από τα παρακάτω είναι μια συχνή τεχνική στην ανάπτυξη FPGA (Field Programmable Gate Array);', 1, 24);
INSERT INTO "Questions" ("QuestionId", "GeneralTestId", "Text", "Type", "UniversityTestId")
VALUES (209, NULL, 'Τα κβαντικά υπολογιστικά συστήματα χρησιμοποιούν την αρχή της συνέπειας για να επιταχύνουν τους υπολογισμούς.', 0, 24);
INSERT INTO "Questions" ("QuestionId", "GeneralTestId", "Text", "Type", "UniversityTestId")
VALUES (210, NULL, 'Πόσο σας αρέσει η έννοια του Internet of Things (IoT) στην πρακτική εφαρμογή;', 2, 24);
INSERT INTO "Questions" ("QuestionId", "GeneralTestId", "Text", "Type", "UniversityTestId")
VALUES (211, NULL, 'Ποιο από τα παρακάτω συστήματα είναι πιο πιθανό να χρησιμοποιηθεί σε μια εφαρμογή υψηλής απόδοσης;', 1, 24);
INSERT INTO "Questions" ("QuestionId", "GeneralTestId", "Text", "Type", "UniversityTestId")
VALUES (212, NULL, 'Ποια από τα παρακάτω είναι μια δυνατή εφαρμογή των πολυπύρηνων επεξεργαστών;', 1, 24);

INSERT INTO "QuestionsMastersDegrees" ("MastersDegreeId", "QuestionId")
VALUES (5, 21);
INSERT INTO "QuestionsMastersDegrees" ("MastersDegreeId", "QuestionId")
VALUES (1, 22);
INSERT INTO "QuestionsMastersDegrees" ("MastersDegreeId", "QuestionId")
VALUES (1, 23);
INSERT INTO "QuestionsMastersDegrees" ("MastersDegreeId", "QuestionId")
VALUES (7, 23);
INSERT INTO "QuestionsMastersDegrees" ("MastersDegreeId", "QuestionId")
VALUES (9, 24);
INSERT INTO "QuestionsMastersDegrees" ("MastersDegreeId", "QuestionId")
VALUES (6, 25);
INSERT INTO "QuestionsMastersDegrees" ("MastersDegreeId", "QuestionId")
VALUES (8, 25);
INSERT INTO "QuestionsMastersDegrees" ("MastersDegreeId", "QuestionId")
VALUES (9, 26);
INSERT INTO "QuestionsMastersDegrees" ("MastersDegreeId", "QuestionId")
VALUES (2, 27);
INSERT INTO "QuestionsMastersDegrees" ("MastersDegreeId", "QuestionId")
VALUES (5, 27);
INSERT INTO "QuestionsMastersDegrees" ("MastersDegreeId", "QuestionId")
VALUES (6, 27);
INSERT INTO "QuestionsMastersDegrees" ("MastersDegreeId", "QuestionId")
VALUES (7, 27);
INSERT INTO "QuestionsMastersDegrees" ("MastersDegreeId", "QuestionId")
VALUES (9, 27);
INSERT INTO "QuestionsMastersDegrees" ("MastersDegreeId", "QuestionId")
VALUES (3, 28);
INSERT INTO "QuestionsMastersDegrees" ("MastersDegreeId", "QuestionId")
VALUES (10, 28);
INSERT INTO "QuestionsMastersDegrees" ("MastersDegreeId", "QuestionId")
VALUES (3, 29);
INSERT INTO "QuestionsMastersDegrees" ("MastersDegreeId", "QuestionId")
VALUES (4, 29);
INSERT INTO "QuestionsMastersDegrees" ("MastersDegreeId", "QuestionId")
VALUES (2, 30);
INSERT INTO "QuestionsMastersDegrees" ("MastersDegreeId", "QuestionId")
VALUES (4, 31);
INSERT INTO "QuestionsMastersDegrees" ("MastersDegreeId", "QuestionId")
VALUES (5, 31);
INSERT INTO "QuestionsMastersDegrees" ("MastersDegreeId", "QuestionId")
VALUES (1, 32);
INSERT INTO "QuestionsMastersDegrees" ("MastersDegreeId", "QuestionId")
VALUES (6, 32);
INSERT INTO "QuestionsMastersDegrees" ("MastersDegreeId", "QuestionId")
VALUES (10, 32);
INSERT INTO "QuestionsMastersDegrees" ("MastersDegreeId", "QuestionId")
VALUES (3, 33);
INSERT INTO "QuestionsMastersDegrees" ("MastersDegreeId", "QuestionId")
VALUES (8, 33);
INSERT INTO "QuestionsMastersDegrees" ("MastersDegreeId", "QuestionId")
VALUES (10, 33);
INSERT INTO "QuestionsMastersDegrees" ("MastersDegreeId", "QuestionId")
VALUES (3, 34);
INSERT INTO "QuestionsMastersDegrees" ("MastersDegreeId", "QuestionId")
VALUES (7, 34);
INSERT INTO "QuestionsMastersDegrees" ("MastersDegreeId", "QuestionId")
VALUES (4, 35);
INSERT INTO "QuestionsMastersDegrees" ("MastersDegreeId", "QuestionId")
VALUES (5, 35);
INSERT INTO "QuestionsMastersDegrees" ("MastersDegreeId", "QuestionId")
VALUES (7, 36);
INSERT INTO "QuestionsMastersDegrees" ("MastersDegreeId", "QuestionId")
VALUES (8, 36);
INSERT INTO "QuestionsMastersDegrees" ("MastersDegreeId", "QuestionId")
VALUES (10, 36);
INSERT INTO "QuestionsMastersDegrees" ("MastersDegreeId", "QuestionId")
VALUES (2, 37);
INSERT INTO "QuestionsMastersDegrees" ("MastersDegreeId", "QuestionId")
VALUES (5, 37);
INSERT INTO "QuestionsMastersDegrees" ("MastersDegreeId", "QuestionId")
VALUES (4, 38);
INSERT INTO "QuestionsMastersDegrees" ("MastersDegreeId", "QuestionId")
VALUES (6, 38);
INSERT INTO "QuestionsMastersDegrees" ("MastersDegreeId", "QuestionId")
VALUES (8, 39);
INSERT INTO "QuestionsMastersDegrees" ("MastersDegreeId", "QuestionId")
VALUES (9, 39);
INSERT INTO "QuestionsMastersDegrees" ("MastersDegreeId", "QuestionId")
VALUES (6, 40);
INSERT INTO "QuestionsMastersDegrees" ("MastersDegreeId", "QuestionId")
VALUES (7, 40);
INSERT INTO "QuestionsMastersDegrees" ("MastersDegreeId", "QuestionId")
VALUES (1, 41);
INSERT INTO "QuestionsMastersDegrees" ("MastersDegreeId", "QuestionId")
VALUES (2, 41);
INSERT INTO "QuestionsMastersDegrees" ("MastersDegreeId", "QuestionId")
VALUES (3, 41);
INSERT INTO "QuestionsMastersDegrees" ("MastersDegreeId", "QuestionId")
VALUES (1, 42);
INSERT INTO "QuestionsMastersDegrees" ("MastersDegreeId", "QuestionId")
VALUES (2, 42);
INSERT INTO "QuestionsMastersDegrees" ("MastersDegreeId", "QuestionId")
VALUES (2, 43);
INSERT INTO "QuestionsMastersDegrees" ("MastersDegreeId", "QuestionId")
VALUES (5, 43);
INSERT INTO "QuestionsMastersDegrees" ("MastersDegreeId", "QuestionId")
VALUES (1, 44);
INSERT INTO "QuestionsMastersDegrees" ("MastersDegreeId", "QuestionId")
VALUES (3, 44);
INSERT INTO "QuestionsMastersDegrees" ("MastersDegreeId", "QuestionId")
VALUES (7, 45);
INSERT INTO "QuestionsMastersDegrees" ("MastersDegreeId", "QuestionId")
VALUES (8, 45);
INSERT INTO "QuestionsMastersDegrees" ("MastersDegreeId", "QuestionId")
VALUES (9, 45);
INSERT INTO "QuestionsMastersDegrees" ("MastersDegreeId", "QuestionId")
VALUES (6, 46);
INSERT INTO "QuestionsMastersDegrees" ("MastersDegreeId", "QuestionId")
VALUES (10, 46);
INSERT INTO "QuestionsMastersDegrees" ("MastersDegreeId", "QuestionId")
VALUES (3, 47);
INSERT INTO "QuestionsMastersDegrees" ("MastersDegreeId", "QuestionId")
VALUES (10, 47);
INSERT INTO "QuestionsMastersDegrees" ("MastersDegreeId", "QuestionId")
VALUES (8, 48);
INSERT INTO "QuestionsMastersDegrees" ("MastersDegreeId", "QuestionId")
VALUES (9, 48);
INSERT INTO "QuestionsMastersDegrees" ("MastersDegreeId", "QuestionId")
VALUES (4, 49);
INSERT INTO "QuestionsMastersDegrees" ("MastersDegreeId", "QuestionId")
VALUES (6, 49);
INSERT INTO "QuestionsMastersDegrees" ("MastersDegreeId", "QuestionId")
VALUES (1, 50);
INSERT INTO "QuestionsMastersDegrees" ("MastersDegreeId", "QuestionId")
VALUES (2, 50);
INSERT INTO "QuestionsMastersDegrees" ("MastersDegreeId", "QuestionId")
VALUES (5, 51);
INSERT INTO "QuestionsMastersDegrees" ("MastersDegreeId", "QuestionId")
VALUES (10, 51);
INSERT INTO "QuestionsMastersDegrees" ("MastersDegreeId", "QuestionId")
VALUES (6, 52);
INSERT INTO "QuestionsMastersDegrees" ("MastersDegreeId", "QuestionId")
VALUES (7, 52);
INSERT INTO "QuestionsMastersDegrees" ("MastersDegreeId", "QuestionId")
VALUES (8, 53);
INSERT INTO "QuestionsMastersDegrees" ("MastersDegreeId", "QuestionId")
VALUES (9, 53);
INSERT INTO "QuestionsMastersDegrees" ("MastersDegreeId", "QuestionId")
VALUES (1, 54);
INSERT INTO "QuestionsMastersDegrees" ("MastersDegreeId", "QuestionId")
VALUES (2, 54);
INSERT INTO "QuestionsMastersDegrees" ("MastersDegreeId", "QuestionId")
VALUES (2, 55);
INSERT INTO "QuestionsMastersDegrees" ("MastersDegreeId", "QuestionId")
VALUES (1, 56);
INSERT INTO "QuestionsMastersDegrees" ("MastersDegreeId", "QuestionId")
VALUES (6, 56);
INSERT INTO "QuestionsMastersDegrees" ("MastersDegreeId", "QuestionId")
VALUES (5, 57);
INSERT INTO "QuestionsMastersDegrees" ("MastersDegreeId", "QuestionId")
VALUES (7, 57);
INSERT INTO "QuestionsMastersDegrees" ("MastersDegreeId", "QuestionId")
VALUES (8, 58);
INSERT INTO "QuestionsMastersDegrees" ("MastersDegreeId", "QuestionId")
VALUES (9, 58);
INSERT INTO "QuestionsMastersDegrees" ("MastersDegreeId", "QuestionId")
VALUES (8, 59);
INSERT INTO "QuestionsMastersDegrees" ("MastersDegreeId", "QuestionId")
VALUES (9, 59);
INSERT INTO "QuestionsMastersDegrees" ("MastersDegreeId", "QuestionId")
VALUES (4, 60);
INSERT INTO "QuestionsMastersDegrees" ("MastersDegreeId", "QuestionId")
VALUES (3, 61);
INSERT INTO "QuestionsMastersDegrees" ("MastersDegreeId", "QuestionId")
VALUES (8, 61);
INSERT INTO "QuestionsMastersDegrees" ("MastersDegreeId", "QuestionId")
VALUES (9, 61);
INSERT INTO "QuestionsMastersDegrees" ("MastersDegreeId", "QuestionId")
VALUES (4, 62);
INSERT INTO "QuestionsMastersDegrees" ("MastersDegreeId", "QuestionId")
VALUES (10, 62);
INSERT INTO "QuestionsMastersDegrees" ("MastersDegreeId", "QuestionId")
VALUES (8, 63);
INSERT INTO "QuestionsMastersDegrees" ("MastersDegreeId", "QuestionId")
VALUES (9, 63);
INSERT INTO "QuestionsMastersDegrees" ("MastersDegreeId", "QuestionId")
VALUES (6, 64);
INSERT INTO "QuestionsMastersDegrees" ("MastersDegreeId", "QuestionId")
VALUES (7, 64);
INSERT INTO "QuestionsMastersDegrees" ("MastersDegreeId", "QuestionId")
VALUES (1, 65);
INSERT INTO "QuestionsMastersDegrees" ("MastersDegreeId", "QuestionId")
VALUES (5, 65);
INSERT INTO "QuestionsMastersDegrees" ("MastersDegreeId", "QuestionId")
VALUES (2, 66);
INSERT INTO "QuestionsMastersDegrees" ("MastersDegreeId", "QuestionId")
VALUES (3, 66);
INSERT INTO "QuestionsMastersDegrees" ("MastersDegreeId", "QuestionId")
VALUES (4, 67);
INSERT INTO "QuestionsMastersDegrees" ("MastersDegreeId", "QuestionId")
VALUES (10, 67);
INSERT INTO "QuestionsMastersDegrees" ("MastersDegreeId", "QuestionId")
VALUES (8, 68);
INSERT INTO "QuestionsMastersDegrees" ("MastersDegreeId", "QuestionId")
VALUES (9, 68);

INSERT INTO "QuestionsProfessions" ("ProfessionId", "QuestionId")
VALUES (4, 21);
INSERT INTO "QuestionsProfessions" ("ProfessionId", "QuestionId")
VALUES (1, 22);
INSERT INTO "QuestionsProfessions" ("ProfessionId", "QuestionId")
VALUES (1, 23);
INSERT INTO "QuestionsProfessions" ("ProfessionId", "QuestionId")
VALUES (2, 23);
INSERT INTO "QuestionsProfessions" ("ProfessionId", "QuestionId")
VALUES (2, 24);
INSERT INTO "QuestionsProfessions" ("ProfessionId", "QuestionId")
VALUES (6, 24);
INSERT INTO "QuestionsProfessions" ("ProfessionId", "QuestionId")
VALUES (15, 24);
INSERT INTO "QuestionsProfessions" ("ProfessionId", "QuestionId")
VALUES (2, 25);
INSERT INTO "QuestionsProfessions" ("ProfessionId", "QuestionId")
VALUES (14, 25);
INSERT INTO "QuestionsProfessions" ("ProfessionId", "QuestionId")
VALUES (15, 25);
INSERT INTO "QuestionsProfessions" ("ProfessionId", "QuestionId")
VALUES (1, 26);
INSERT INTO "QuestionsProfessions" ("ProfessionId", "QuestionId")
VALUES (2, 26);
INSERT INTO "QuestionsProfessions" ("ProfessionId", "QuestionId")
VALUES (8, 26);
INSERT INTO "QuestionsProfessions" ("ProfessionId", "QuestionId")
VALUES (15, 26);
INSERT INTO "QuestionsProfessions" ("ProfessionId", "QuestionId")
VALUES (11, 27);
INSERT INTO "QuestionsProfessions" ("ProfessionId", "QuestionId")
VALUES (12, 27);
INSERT INTO "QuestionsProfessions" ("ProfessionId", "QuestionId")
VALUES (14, 27);
INSERT INTO "QuestionsProfessions" ("ProfessionId", "QuestionId")
VALUES (4, 28);
INSERT INTO "QuestionsProfessions" ("ProfessionId", "QuestionId")
VALUES (6, 28);
INSERT INTO "QuestionsProfessions" ("ProfessionId", "QuestionId")
VALUES (9, 28);
INSERT INTO "QuestionsProfessions" ("ProfessionId", "QuestionId")
VALUES (7, 29);
INSERT INTO "QuestionsProfessions" ("ProfessionId", "QuestionId")
VALUES (10, 29);
INSERT INTO "QuestionsProfessions" ("ProfessionId", "QuestionId")
VALUES (13, 29);
INSERT INTO "QuestionsProfessions" ("ProfessionId", "QuestionId")
VALUES (4, 30);
INSERT INTO "QuestionsProfessions" ("ProfessionId", "QuestionId")
VALUES (7, 30);
INSERT INTO "QuestionsProfessions" ("ProfessionId", "QuestionId")
VALUES (9, 30);
INSERT INTO "QuestionsProfessions" ("ProfessionId", "QuestionId")
VALUES (2, 31);
INSERT INTO "QuestionsProfessions" ("ProfessionId", "QuestionId")
VALUES (5, 31);
INSERT INTO "QuestionsProfessions" ("ProfessionId", "QuestionId")
VALUES (11, 31);
INSERT INTO "QuestionsProfessions" ("ProfessionId", "QuestionId")
VALUES (3, 32);
INSERT INTO "QuestionsProfessions" ("ProfessionId", "QuestionId")
VALUES (5, 32);
INSERT INTO "QuestionsProfessions" ("ProfessionId", "QuestionId")
VALUES (8, 32);
INSERT INTO "QuestionsProfessions" ("ProfessionId", "QuestionId")
VALUES (12, 32);
INSERT INTO "QuestionsProfessions" ("ProfessionId", "QuestionId")
VALUES (3, 33);
INSERT INTO "QuestionsProfessions" ("ProfessionId", "QuestionId")
VALUES (10, 33);
INSERT INTO "QuestionsProfessions" ("ProfessionId", "QuestionId")
VALUES (8, 34);
INSERT INTO "QuestionsProfessions" ("ProfessionId", "QuestionId")
VALUES (10, 34);
INSERT INTO "QuestionsProfessions" ("ProfessionId", "QuestionId")
VALUES (13, 34);
INSERT INTO "QuestionsProfessions" ("ProfessionId", "QuestionId")
VALUES (6, 35);
INSERT INTO "QuestionsProfessions" ("ProfessionId", "QuestionId")
VALUES (9, 35);
INSERT INTO "QuestionsProfessions" ("ProfessionId", "QuestionId")
VALUES (13, 35);
INSERT INTO "QuestionsProfessions" ("ProfessionId", "QuestionId")
VALUES (5, 36);
INSERT INTO "QuestionsProfessions" ("ProfessionId", "QuestionId")
VALUES (7, 36);
INSERT INTO "QuestionsProfessions" ("ProfessionId", "QuestionId")
VALUES (14, 36);
INSERT INTO "QuestionsProfessions" ("ProfessionId", "QuestionId")
VALUES (3, 37);
INSERT INTO "QuestionsProfessions" ("ProfessionId", "QuestionId")
VALUES (4, 37);
INSERT INTO "QuestionsProfessions" ("ProfessionId", "QuestionId")
VALUES (12, 37);
INSERT INTO "QuestionsProfessions" ("ProfessionId", "QuestionId")
VALUES (4, 38);
INSERT INTO "QuestionsProfessions" ("ProfessionId", "QuestionId")
VALUES (7, 38);
INSERT INTO "QuestionsProfessions" ("ProfessionId", "QuestionId")
VALUES (14, 38);
INSERT INTO "QuestionsProfessions" ("ProfessionId", "QuestionId")
VALUES (8, 39);
INSERT INTO "QuestionsProfessions" ("ProfessionId", "QuestionId")
VALUES (10, 39);
INSERT INTO "QuestionsProfessions" ("ProfessionId", "QuestionId")
VALUES (11, 39);
INSERT INTO "QuestionsProfessions" ("ProfessionId", "QuestionId")
VALUES (1, 40);
INSERT INTO "QuestionsProfessions" ("ProfessionId", "QuestionId")
VALUES (3, 40);
INSERT INTO "QuestionsProfessions" ("ProfessionId", "QuestionId")
VALUES (5, 40);
INSERT INTO "QuestionsProfessions" ("ProfessionId", "QuestionId")
VALUES (3, 41);
INSERT INTO "QuestionsProfessions" ("ProfessionId", "QuestionId")
VALUES (4, 41);
INSERT INTO "QuestionsProfessions" ("ProfessionId", "QuestionId")
VALUES (6, 41);
INSERT INTO "QuestionsProfessions" ("ProfessionId", "QuestionId")
VALUES (1, 42);
INSERT INTO "QuestionsProfessions" ("ProfessionId", "QuestionId")
VALUES (10, 42);
INSERT INTO "QuestionsProfessions" ("ProfessionId", "QuestionId")
VALUES (15, 42);
INSERT INTO "QuestionsProfessions" ("ProfessionId", "QuestionId")
VALUES (7, 43);
INSERT INTO "QuestionsProfessions" ("ProfessionId", "QuestionId")
VALUES (11, 43);
INSERT INTO "QuestionsProfessions" ("ProfessionId", "QuestionId")
VALUES (2, 44);
INSERT INTO "QuestionsProfessions" ("ProfessionId", "QuestionId")
VALUES (10, 44);
INSERT INTO "QuestionsProfessions" ("ProfessionId", "QuestionId")
VALUES (11, 44);
INSERT INTO "QuestionsProfessions" ("ProfessionId", "QuestionId")
VALUES (6, 45);
INSERT INTO "QuestionsProfessions" ("ProfessionId", "QuestionId")
VALUES (15, 45);
INSERT INTO "QuestionsProfessions" ("ProfessionId", "QuestionId")
VALUES (6, 46);
INSERT INTO "QuestionsProfessions" ("ProfessionId", "QuestionId")
VALUES (12, 46);
INSERT INTO "QuestionsProfessions" ("ProfessionId", "QuestionId")
VALUES (6, 47);
INSERT INTO "QuestionsProfessions" ("ProfessionId", "QuestionId")
VALUES (9, 48);
INSERT INTO "QuestionsProfessions" ("ProfessionId", "QuestionId")
VALUES (14, 48);
INSERT INTO "QuestionsProfessions" ("ProfessionId", "QuestionId")
VALUES (5, 49);
INSERT INTO "QuestionsProfessions" ("ProfessionId", "QuestionId")
VALUES (13, 49);
INSERT INTO "QuestionsProfessions" ("ProfessionId", "QuestionId")
VALUES (12, 50);
INSERT INTO "QuestionsProfessions" ("ProfessionId", "QuestionId")
VALUES (13, 50);
INSERT INTO "QuestionsProfessions" ("ProfessionId", "QuestionId")
VALUES (12, 51);
INSERT INTO "QuestionsProfessions" ("ProfessionId", "QuestionId")
VALUES (15, 51);
INSERT INTO "QuestionsProfessions" ("ProfessionId", "QuestionId")
VALUES (12, 52);
INSERT INTO "QuestionsProfessions" ("ProfessionId", "QuestionId")
VALUES (13, 52);
INSERT INTO "QuestionsProfessions" ("ProfessionId", "QuestionId")
VALUES (8, 53);
INSERT INTO "QuestionsProfessions" ("ProfessionId", "QuestionId")
VALUES (9, 53);
INSERT INTO "QuestionsProfessions" ("ProfessionId", "QuestionId")
VALUES (10, 54);
INSERT INTO "QuestionsProfessions" ("ProfessionId", "QuestionId")
VALUES (14, 54);
INSERT INTO "QuestionsProfessions" ("ProfessionId", "QuestionId")
VALUES (5, 55);
INSERT INTO "QuestionsProfessions" ("ProfessionId", "QuestionId")
VALUES (3, 56);
INSERT INTO "QuestionsProfessions" ("ProfessionId", "QuestionId")
VALUES (5, 56);
INSERT INTO "QuestionsProfessions" ("ProfessionId", "QuestionId")
VALUES (9, 56);
INSERT INTO "QuestionsProfessions" ("ProfessionId", "QuestionId")
VALUES (2, 57);
INSERT INTO "QuestionsProfessions" ("ProfessionId", "QuestionId")
VALUES (3, 57);
INSERT INTO "QuestionsProfessions" ("ProfessionId", "QuestionId")
VALUES (7, 58);
INSERT INTO "QuestionsProfessions" ("ProfessionId", "QuestionId")
VALUES (8, 58);
INSERT INTO "QuestionsProfessions" ("ProfessionId", "QuestionId")
VALUES (13, 58);
INSERT INTO "QuestionsProfessions" ("ProfessionId", "QuestionId")
VALUES (7, 59);
INSERT INTO "QuestionsProfessions" ("ProfessionId", "QuestionId")
VALUES (8, 59);
INSERT INTO "QuestionsProfessions" ("ProfessionId", "QuestionId")
VALUES (2, 60);
INSERT INTO "QuestionsProfessions" ("ProfessionId", "QuestionId")
VALUES (5, 60);
INSERT INTO "QuestionsProfessions" ("ProfessionId", "QuestionId")
VALUES (1, 61);
INSERT INTO "QuestionsProfessions" ("ProfessionId", "QuestionId")
VALUES (7, 61);
INSERT INTO "QuestionsProfessions" ("ProfessionId", "QuestionId")
VALUES (8, 61);
INSERT INTO "QuestionsProfessions" ("ProfessionId", "QuestionId")
VALUES (4, 62);
INSERT INTO "QuestionsProfessions" ("ProfessionId", "QuestionId")
VALUES (11, 62);
INSERT INTO "QuestionsProfessions" ("ProfessionId", "QuestionId")
VALUES (12, 62);
INSERT INTO "QuestionsProfessions" ("ProfessionId", "QuestionId")
VALUES (9, 63);
INSERT INTO "QuestionsProfessions" ("ProfessionId", "QuestionId")
VALUES (15, 63);
INSERT INTO "QuestionsProfessions" ("ProfessionId", "QuestionId")
VALUES (4, 64);
INSERT INTO "QuestionsProfessions" ("ProfessionId", "QuestionId")
VALUES (6, 64);
INSERT INTO "QuestionsProfessions" ("ProfessionId", "QuestionId")
VALUES (6, 65);
INSERT INTO "QuestionsProfessions" ("ProfessionId", "QuestionId")
VALUES (9, 65);
INSERT INTO "QuestionsProfessions" ("ProfessionId", "QuestionId")
VALUES (1, 66);
INSERT INTO "QuestionsProfessions" ("ProfessionId", "QuestionId")
VALUES (15, 66);
INSERT INTO "QuestionsProfessions" ("ProfessionId", "QuestionId")
VALUES (11, 67);
INSERT INTO "QuestionsProfessions" ("ProfessionId", "QuestionId")
VALUES (14, 67);
INSERT INTO "QuestionsProfessions" ("ProfessionId", "QuestionId")
VALUES (12, 68);
INSERT INTO "QuestionsProfessions" ("ProfessionId", "QuestionId")
VALUES (13, 68);

INSERT INTO "QuestionsTracks" ("QuestionId", "TrackId")
VALUES (21, 1);
INSERT INTO "QuestionsTracks" ("QuestionId", "TrackId")
VALUES (21, 3);
INSERT INTO "QuestionsTracks" ("QuestionId", "TrackId")
VALUES (22, 1);
INSERT INTO "QuestionsTracks" ("QuestionId", "TrackId")
VALUES (23, 1);
INSERT INTO "QuestionsTracks" ("QuestionId", "TrackId")
VALUES (23, 3);
INSERT INTO "QuestionsTracks" ("QuestionId", "TrackId")
VALUES (24, 1);
INSERT INTO "QuestionsTracks" ("QuestionId", "TrackId")
VALUES (24, 3);
INSERT INTO "QuestionsTracks" ("QuestionId", "TrackId")
VALUES (25, 1);
INSERT INTO "QuestionsTracks" ("QuestionId", "TrackId")
VALUES (25, 3);
INSERT INTO "QuestionsTracks" ("QuestionId", "TrackId")
VALUES (26, 1);
INSERT INTO "QuestionsTracks" ("QuestionId", "TrackId")
VALUES (26, 2);
INSERT INTO "QuestionsTracks" ("QuestionId", "TrackId")
VALUES (26, 3);
INSERT INTO "QuestionsTracks" ("QuestionId", "TrackId")
VALUES (27, 1);
INSERT INTO "QuestionsTracks" ("QuestionId", "TrackId")
VALUES (28, 2);
INSERT INTO "QuestionsTracks" ("QuestionId", "TrackId")
VALUES (29, 2);
INSERT INTO "QuestionsTracks" ("QuestionId", "TrackId")
VALUES (30, 1);
INSERT INTO "QuestionsTracks" ("QuestionId", "TrackId")
VALUES (31, 2);
INSERT INTO "QuestionsTracks" ("QuestionId", "TrackId")
VALUES (32, 2);
INSERT INTO "QuestionsTracks" ("QuestionId", "TrackId")
VALUES (32, 3);
INSERT INTO "QuestionsTracks" ("QuestionId", "TrackId")
VALUES (33, 2);
INSERT INTO "QuestionsTracks" ("QuestionId", "TrackId")
VALUES (34, 1);
INSERT INTO "QuestionsTracks" ("QuestionId", "TrackId")
VALUES (35, 1);
INSERT INTO "QuestionsTracks" ("QuestionId", "TrackId")
VALUES (36, 2);
INSERT INTO "QuestionsTracks" ("QuestionId", "TrackId")
VALUES (37, 1);
INSERT INTO "QuestionsTracks" ("QuestionId", "TrackId")
VALUES (38, 3);
INSERT INTO "QuestionsTracks" ("QuestionId", "TrackId")
VALUES (39, 2);
INSERT INTO "QuestionsTracks" ("QuestionId", "TrackId")
VALUES (40, 3);
INSERT INTO "QuestionsTracks" ("QuestionId", "TrackId")
VALUES (41, 1);
INSERT INTO "QuestionsTracks" ("QuestionId", "TrackId")
VALUES (42, 1);
INSERT INTO "QuestionsTracks" ("QuestionId", "TrackId")
VALUES (43, 1);
INSERT INTO "QuestionsTracks" ("QuestionId", "TrackId")
VALUES (44, 1);
INSERT INTO "QuestionsTracks" ("QuestionId", "TrackId")
VALUES (45, 2);
INSERT INTO "QuestionsTracks" ("QuestionId", "TrackId")
VALUES (46, 1);
INSERT INTO "QuestionsTracks" ("QuestionId", "TrackId")
VALUES (47, 1);
INSERT INTO "QuestionsTracks" ("QuestionId", "TrackId")
VALUES (48, 2);
INSERT INTO "QuestionsTracks" ("QuestionId", "TrackId")
VALUES (49, 3);
INSERT INTO "QuestionsTracks" ("QuestionId", "TrackId")
VALUES (50, 2);
INSERT INTO "QuestionsTracks" ("QuestionId", "TrackId")
VALUES (51, 1);
INSERT INTO "QuestionsTracks" ("QuestionId", "TrackId")
VALUES (52, 3);
INSERT INTO "QuestionsTracks" ("QuestionId", "TrackId")
VALUES (53, 1);
INSERT INTO "QuestionsTracks" ("QuestionId", "TrackId")
VALUES (53, 2);
INSERT INTO "QuestionsTracks" ("QuestionId", "TrackId")
VALUES (54, 3);
INSERT INTO "QuestionsTracks" ("QuestionId", "TrackId")
VALUES (55, 3);
INSERT INTO "QuestionsTracks" ("QuestionId", "TrackId")
VALUES (56, 1);
INSERT INTO "QuestionsTracks" ("QuestionId", "TrackId")
VALUES (57, 1);
INSERT INTO "QuestionsTracks" ("QuestionId", "TrackId")
VALUES (58, 2);
INSERT INTO "QuestionsTracks" ("QuestionId", "TrackId")
VALUES (59, 2);
INSERT INTO "QuestionsTracks" ("QuestionId", "TrackId")
VALUES (60, 3);
INSERT INTO "QuestionsTracks" ("QuestionId", "TrackId")
VALUES (61, 2);
INSERT INTO "QuestionsTracks" ("QuestionId", "TrackId")
VALUES (62, 3);
INSERT INTO "QuestionsTracks" ("QuestionId", "TrackId")
VALUES (63, 2);
INSERT INTO "QuestionsTracks" ("QuestionId", "TrackId")
VALUES (64, 2);
INSERT INTO "QuestionsTracks" ("QuestionId", "TrackId")
VALUES (65, 1);
INSERT INTO "QuestionsTracks" ("QuestionId", "TrackId")
VALUES (66, 3);
INSERT INTO "QuestionsTracks" ("QuestionId", "TrackId")
VALUES (67, 3);
INSERT INTO "QuestionsTracks" ("QuestionId", "TrackId")
VALUES (68, 3);

INSERT INTO "TrueFalseAnswers" ("TrueFalseAnswerId", "QuestionId", "Value")
VALUES (2, 22, TRUE);
INSERT INTO "TrueFalseAnswers" ("TrueFalseAnswerId", "QuestionId", "Value")
VALUES (3, 25, FALSE);
INSERT INTO "TrueFalseAnswers" ("TrueFalseAnswerId", "QuestionId", "Value")
VALUES (4, 29, FALSE);
INSERT INTO "TrueFalseAnswers" ("TrueFalseAnswerId", "QuestionId", "Value")
VALUES (5, 32, TRUE);
INSERT INTO "TrueFalseAnswers" ("TrueFalseAnswerId", "QuestionId", "Value")
VALUES (6, 36, TRUE);
INSERT INTO "TrueFalseAnswers" ("TrueFalseAnswerId", "QuestionId", "Value")
VALUES (7, 38, TRUE);
INSERT INTO "TrueFalseAnswers" ("TrueFalseAnswerId", "QuestionId", "Value")
VALUES (8, 41, FALSE);
INSERT INTO "TrueFalseAnswers" ("TrueFalseAnswerId", "QuestionId", "Value")
VALUES (9, 44, FALSE);
INSERT INTO "TrueFalseAnswers" ("TrueFalseAnswerId", "QuestionId", "Value")
VALUES (10, 46, FALSE);
INSERT INTO "TrueFalseAnswers" ("TrueFalseAnswerId", "QuestionId", "Value")
VALUES (11, 49, TRUE);
INSERT INTO "TrueFalseAnswers" ("TrueFalseAnswerId", "QuestionId", "Value")
VALUES (12, 53, TRUE);
INSERT INTO "TrueFalseAnswers" ("TrueFalseAnswerId", "QuestionId", "Value")
VALUES (13, 56, TRUE);
INSERT INTO "TrueFalseAnswers" ("TrueFalseAnswerId", "QuestionId", "Value")
VALUES (14, 61, TRUE);
INSERT INTO "TrueFalseAnswers" ("TrueFalseAnswerId", "QuestionId", "Value")
VALUES (15, 65, TRUE);

INSERT INTO "MultipleChoiceAnswers" ("MultipleChoiceAnswerId", "IsCorrect", "QuestionId", "Text")
VALUES (58, TRUE, 69, 'Python');
INSERT INTO "MultipleChoiceAnswers" ("MultipleChoiceAnswerId", "IsCorrect", "QuestionId", "Text")
VALUES (59, FALSE, 69, 'Java');
INSERT INTO "MultipleChoiceAnswers" ("MultipleChoiceAnswerId", "IsCorrect", "QuestionId", "Text")
VALUES (60, FALSE, 69, 'JavaScript');
INSERT INTO "MultipleChoiceAnswers" ("MultipleChoiceAnswerId", "IsCorrect", "QuestionId", "Text")
VALUES (61, TRUE, 72, 'Συνεχής επανάληψη και προσαρμογή');
INSERT INTO "MultipleChoiceAnswers" ("MultipleChoiceAnswerId", "IsCorrect", "QuestionId", "Text")
VALUES (62, FALSE, 72, 'Εγκατάσταση του νεότερου λογισμικού');
INSERT INTO "MultipleChoiceAnswers" ("MultipleChoiceAnswerId", "IsCorrect", "QuestionId", "Text")
VALUES (63, FALSE, 72, 'Χρήση μόνο δεδομένων εκπαίδευσης για το τεστ');
INSERT INTO "MultipleChoiceAnswers" ("MultipleChoiceAnswerId", "IsCorrect", "QuestionId", "Text")
VALUES (64, TRUE, 75, 'Διαίρεση του προβλήματος σε μικρότερα μέρη');
INSERT INTO "MultipleChoiceAnswers" ("MultipleChoiceAnswerId", "IsCorrect", "QuestionId", "Text")
VALUES (65, FALSE, 75, 'Αγνόηση των προβλημάτων και ελπίδα ότι θα εξαφανιστούν μόνα τους');
INSERT INTO "MultipleChoiceAnswers" ("MultipleChoiceAnswerId", "IsCorrect", "QuestionId", "Text")
VALUES (66, FALSE, 75, 'Επανεγκατάσταση του λογισμικού');
INSERT INTO "MultipleChoiceAnswers" ("MultipleChoiceAnswerId", "IsCorrect", "QuestionId", "Text")
VALUES (67, FALSE, 76, 'TensorFlow');
INSERT INTO "MultipleChoiceAnswers" ("MultipleChoiceAnswerId", "IsCorrect", "QuestionId", "Text")
VALUES (68, TRUE, 76, 'K-means clustering');
INSERT INTO "MultipleChoiceAnswers" ("MultipleChoiceAnswerId", "IsCorrect", "QuestionId", "Text")
VALUES (69, FALSE, 76, 'JavaScript');
INSERT INTO "MultipleChoiceAnswers" ("MultipleChoiceAnswerId", "IsCorrect", "QuestionId", "Text")
VALUES (70, FALSE, 79, 'SQL');
INSERT INTO "MultipleChoiceAnswers" ("MultipleChoiceAnswerId", "IsCorrect", "QuestionId", "Text")
VALUES (71, TRUE, 79, 'Python');
INSERT INTO "MultipleChoiceAnswers" ("MultipleChoiceAnswerId", "IsCorrect", "QuestionId", "Text")
VALUES (72, FALSE, 79, 'HTML');
INSERT INTO "MultipleChoiceAnswers" ("MultipleChoiceAnswerId", "IsCorrect", "QuestionId", "Text")
VALUES (73, TRUE, 82, 'Django');
INSERT INTO "MultipleChoiceAnswers" ("MultipleChoiceAnswerId", "IsCorrect", "QuestionId", "Text")
VALUES (74, FALSE, 82, 'Excel');
INSERT INTO "MultipleChoiceAnswers" ("MultipleChoiceAnswerId", "IsCorrect", "QuestionId", "Text")
VALUES (75, FALSE, 82, 'Google Docs');
INSERT INTO "MultipleChoiceAnswers" ("MultipleChoiceAnswerId", "IsCorrect", "QuestionId", "Text")
VALUES (76, FALSE, 84, 'SQL');
INSERT INTO "MultipleChoiceAnswers" ("MultipleChoiceAnswerId", "IsCorrect", "QuestionId", "Text")
VALUES (77, TRUE, 84, 'Python');
INSERT INTO "MultipleChoiceAnswers" ("MultipleChoiceAnswerId", "IsCorrect", "QuestionId", "Text")
VALUES (78, FALSE, 84, 'HTML');
INSERT INTO "MultipleChoiceAnswers" ("MultipleChoiceAnswerId", "IsCorrect", "QuestionId", "Text")
VALUES (79, TRUE, 87, 'Django');
INSERT INTO "MultipleChoiceAnswers" ("MultipleChoiceAnswerId", "IsCorrect", "QuestionId", "Text")
VALUES (80, FALSE, 87, 'Excel');
INSERT INTO "MultipleChoiceAnswers" ("MultipleChoiceAnswerId", "IsCorrect", "QuestionId", "Text")
VALUES (81, FALSE, 87, 'Google Docs');
INSERT INTO "MultipleChoiceAnswers" ("MultipleChoiceAnswerId", "IsCorrect", "QuestionId", "Text")
VALUES (82, TRUE, 89, 'Συνεχής επανάληψη και προσαρμογή');
INSERT INTO "MultipleChoiceAnswers" ("MultipleChoiceAnswerId", "IsCorrect", "QuestionId", "Text")
VALUES (83, FALSE, 89, 'Εγκατάσταση του νεότερου λογισμικού');
INSERT INTO "MultipleChoiceAnswers" ("MultipleChoiceAnswerId", "IsCorrect", "QuestionId", "Text")
VALUES (84, FALSE, 89, 'Χρήση μόνο δεδομένων εκπαίδευσης για το τεστ');
INSERT INTO "MultipleChoiceAnswers" ("MultipleChoiceAnswerId", "IsCorrect", "QuestionId", "Text")
VALUES (85, TRUE, 92, 'Διαίρεση του προβλήματος σε μικρότερα μέρη');
INSERT INTO "MultipleChoiceAnswers" ("MultipleChoiceAnswerId", "IsCorrect", "QuestionId", "Text")
VALUES (86, FALSE, 92, 'Αγνόηση των προβλημάτων και ελπίδα ότι θα εξαφανιστούν μόνα τους');
INSERT INTO "MultipleChoiceAnswers" ("MultipleChoiceAnswerId", "IsCorrect", "QuestionId", "Text")
VALUES (87, FALSE, 92, 'Επανεγκατάσταση του λογισμικού');
INSERT INTO "MultipleChoiceAnswers" ("MultipleChoiceAnswerId", "IsCorrect", "QuestionId", "Text")
VALUES (88, TRUE, 93, 'Docker');
INSERT INTO "MultipleChoiceAnswers" ("MultipleChoiceAnswerId", "IsCorrect", "QuestionId", "Text")
VALUES (89, FALSE, 93, 'JavaScript');
INSERT INTO "MultipleChoiceAnswers" ("MultipleChoiceAnswerId", "IsCorrect", "QuestionId", "Text")
VALUES (90, FALSE, 93, 'Apache Server');
INSERT INTO "MultipleChoiceAnswers" ("MultipleChoiceAnswerId", "IsCorrect", "QuestionId", "Text")
VALUES (91, FALSE, 96, 'Windows 10');
INSERT INTO "MultipleChoiceAnswers" ("MultipleChoiceAnswerId", "IsCorrect", "QuestionId", "Text")
VALUES (92, TRUE, 96, 'Ubuntu Server');
INSERT INTO "MultipleChoiceAnswers" ("MultipleChoiceAnswerId", "IsCorrect", "QuestionId", "Text")
VALUES (93, FALSE, 96, 'iOS');
INSERT INTO "MultipleChoiceAnswers" ("MultipleChoiceAnswerId", "IsCorrect", "QuestionId", "Text")
VALUES (94, TRUE, 99, 'Git');
INSERT INTO "MultipleChoiceAnswers" ("MultipleChoiceAnswerId", "IsCorrect", "QuestionId", "Text")
VALUES (95, FALSE, 99, 'Notepad++');
INSERT INTO "MultipleChoiceAnswers" ("MultipleChoiceAnswerId", "IsCorrect", "QuestionId", "Text")
VALUES (96, FALSE, 99, 'PyCharm');
INSERT INTO "MultipleChoiceAnswers" ("MultipleChoiceAnswerId", "IsCorrect", "QuestionId", "Text")
VALUES (97, TRUE, 100, 'TCP/IP');
INSERT INTO "MultipleChoiceAnswers" ("MultipleChoiceAnswerId", "IsCorrect", "QuestionId", "Text")
VALUES (98, FALSE, 100, 'OCI');
INSERT INTO "MultipleChoiceAnswers" ("MultipleChoiceAnswerId", "IsCorrect", "QuestionId", "Text")
VALUES (99, FALSE, 100, 'HDMI');
INSERT INTO "MultipleChoiceAnswers" ("MultipleChoiceAnswerId", "IsCorrect", "QuestionId", "Text")
VALUES (100, TRUE, 103, 'SMTP');
INSERT INTO "MultipleChoiceAnswers" ("MultipleChoiceAnswerId", "IsCorrect", "QuestionId", "Text")
VALUES (101, FALSE, 103, 'HTTP');
INSERT INTO "MultipleChoiceAnswers" ("MultipleChoiceAnswerId", "IsCorrect", "QuestionId", "Text")
VALUES (102, FALSE, 103, 'TCP');
INSERT INTO "MultipleChoiceAnswers" ("MultipleChoiceAnswerId", "IsCorrect", "QuestionId", "Text")
VALUES (103, TRUE, 106, 'Rate limiting');
INSERT INTO "MultipleChoiceAnswers" ("MultipleChoiceAnswerId", "IsCorrect", "QuestionId", "Text")
VALUES (104, FALSE, 106, 'Encryption');
INSERT INTO "MultipleChoiceAnswers" ("MultipleChoiceAnswerId", "IsCorrect", "QuestionId", "Text")
VALUES (105, FALSE, 106, 'Firewalls');
INSERT INTO "MultipleChoiceAnswers" ("MultipleChoiceAnswerId", "IsCorrect", "QuestionId", "Text")
VALUES (106, TRUE, 107, 'Docker');
INSERT INTO "MultipleChoiceAnswers" ("MultipleChoiceAnswerId", "IsCorrect", "QuestionId", "Text")
VALUES (107, FALSE, 107, 'JavaScript');
INSERT INTO "MultipleChoiceAnswers" ("MultipleChoiceAnswerId", "IsCorrect", "QuestionId", "Text")
VALUES (108, FALSE, 107, 'Apache Server');
INSERT INTO "MultipleChoiceAnswers" ("MultipleChoiceAnswerId", "IsCorrect", "QuestionId", "Text")
VALUES (109, FALSE, 110, 'Windows 10');
INSERT INTO "MultipleChoiceAnswers" ("MultipleChoiceAnswerId", "IsCorrect", "QuestionId", "Text")
VALUES (110, TRUE, 110, 'Ubuntu Server');
INSERT INTO "MultipleChoiceAnswers" ("MultipleChoiceAnswerId", "IsCorrect", "QuestionId", "Text")
VALUES (111, FALSE, 110, 'iOS');
INSERT INTO "MultipleChoiceAnswers" ("MultipleChoiceAnswerId", "IsCorrect", "QuestionId", "Text")
VALUES (112, TRUE, 113, 'SMTP');
INSERT INTO "MultipleChoiceAnswers" ("MultipleChoiceAnswerId", "IsCorrect", "QuestionId", "Text")
VALUES (113, FALSE, 113, 'HTTP');
INSERT INTO "MultipleChoiceAnswers" ("MultipleChoiceAnswerId", "IsCorrect", "QuestionId", "Text")
VALUES (114, FALSE, 113, 'TCP');
INSERT INTO "MultipleChoiceAnswers" ("MultipleChoiceAnswerId", "IsCorrect", "QuestionId", "Text")
VALUES (115, FALSE, 116, 'Rate limiting');
INSERT INTO "MultipleChoiceAnswers" ("MultipleChoiceAnswerId", "IsCorrect", "QuestionId", "Text")
VALUES (116, FALSE, 116, 'Encryption');
INSERT INTO "MultipleChoiceAnswers" ("MultipleChoiceAnswerId", "IsCorrect", "QuestionId", "Text")
VALUES (117, TRUE, 116, 'Firewalls');
INSERT INTO "MultipleChoiceAnswers" ("MultipleChoiceAnswerId", "IsCorrect", "QuestionId", "Text")
VALUES (118, TRUE, 117, 'SHA-256');
INSERT INTO "MultipleChoiceAnswers" ("MultipleChoiceAnswerId", "IsCorrect", "QuestionId", "Text")
VALUES (119, FALSE, 117, 'Python 3.7');
INSERT INTO "MultipleChoiceAnswers" ("MultipleChoiceAnswerId", "IsCorrect", "QuestionId", "Text")
VALUES (120, FALSE, 117, 'Περίοδος Συχνότητας');
INSERT INTO "MultipleChoiceAnswers" ("MultipleChoiceAnswerId", "IsCorrect", "QuestionId", "Text")
VALUES (121, TRUE, 120, 'Χρήση ισχυρών κωδικών πρόσβασης');
INSERT INTO "MultipleChoiceAnswers" ("MultipleChoiceAnswerId", "IsCorrect", "QuestionId", "Text")
VALUES (122, FALSE, 120, 'Απενεργοποίηση των ενημερώσεων λογισμικού');
INSERT INTO "MultipleChoiceAnswers" ("MultipleChoiceAnswerId", "IsCorrect", "QuestionId", "Text")
VALUES (123, FALSE, 120, 'Χρήση του ίδιου κωδικού πρόσβασης σε όλες τις συσκευές');
INSERT INTO "MultipleChoiceAnswers" ("MultipleChoiceAnswerId", "IsCorrect", "QuestionId", "Text")
VALUES (124, TRUE, 123, 'Κρυπτογράφηση');
INSERT INTO "MultipleChoiceAnswers" ("MultipleChoiceAnswerId", "IsCorrect", "QuestionId", "Text")
VALUES (125, FALSE, 123, 'Αποθήκευση όλων των κωδικών πρόσβασης σε ένα αρχείο txt');
INSERT INTO "MultipleChoiceAnswers" ("MultipleChoiceAnswerId", "IsCorrect", "QuestionId", "Text")
VALUES (126, FALSE, 123, 'Χρήση της ίδιας κρυπτογραφικής κλειδαριάς για όλα τα δεδομένα');
INSERT INTO "MultipleChoiceAnswers" ("MultipleChoiceAnswerId", "IsCorrect", "QuestionId", "Text")
VALUES (127, FALSE, 124, 'Πρόσθεση δύο αριθμών');
INSERT INTO "MultipleChoiceAnswers" ("MultipleChoiceAnswerId", "IsCorrect", "QuestionId", "Text")
VALUES (128, FALSE, 124, 'Αφαίρεση δύο αριθμών');
INSERT INTO "MultipleChoiceAnswers" ("MultipleChoiceAnswerId", "IsCorrect", "QuestionId", "Text")
VALUES (129, TRUE, 124, 'Πολλαπλασιασμός δύο αριθμών');
INSERT INTO "MultipleChoiceAnswers" ("MultipleChoiceAnswerId", "IsCorrect", "QuestionId", "Text")
VALUES (130, FALSE, 127, 'HTTP');
INSERT INTO "MultipleChoiceAnswers" ("MultipleChoiceAnswerId", "IsCorrect", "QuestionId", "Text")
VALUES (131, FALSE, 127, 'SMTP');
INSERT INTO "MultipleChoiceAnswers" ("MultipleChoiceAnswerId", "IsCorrect", "QuestionId", "Text")
VALUES (132, TRUE, 127, 'SPI');
INSERT INTO "MultipleChoiceAnswers" ("MultipleChoiceAnswerId", "IsCorrect", "QuestionId", "Text")
VALUES (133, FALSE, 130, 'Περίπλοκη διαχείριση μνήμης');
INSERT INTO "MultipleChoiceAnswers" ("MultipleChoiceAnswerId", "IsCorrect", "QuestionId", "Text")
VALUES (134, TRUE, 130, 'Χρονισμός και συγχρονισμός');
INSERT INTO "MultipleChoiceAnswers" ("MultipleChoiceAnswerId", "IsCorrect", "QuestionId", "Text")
VALUES (135, FALSE, 130, 'Ασύμβατη μορφοποίηση δεδομένων');
INSERT INTO "MultipleChoiceAnswers" ("MultipleChoiceAnswerId", "IsCorrect", "QuestionId", "Text")
VALUES (136, TRUE, 131, 'SHA-256');
INSERT INTO "MultipleChoiceAnswers" ("MultipleChoiceAnswerId", "IsCorrect", "QuestionId", "Text")
VALUES (137, FALSE, 131, 'Python 3.7');
INSERT INTO "MultipleChoiceAnswers" ("MultipleChoiceAnswerId", "IsCorrect", "QuestionId", "Text")
VALUES (138, FALSE, 131, 'περίοδος συχνότητας');
INSERT INTO "MultipleChoiceAnswers" ("MultipleChoiceAnswerId", "IsCorrect", "QuestionId", "Text")
VALUES (139, TRUE, 134, 'Χρήση ισχυρών κωδικών πρόσβασης');
INSERT INTO "MultipleChoiceAnswers" ("MultipleChoiceAnswerId", "IsCorrect", "QuestionId", "Text")
VALUES (140, FALSE, 134, 'Απενεργοποίηση των ενημερώσεων λογισμικού');
INSERT INTO "MultipleChoiceAnswers" ("MultipleChoiceAnswerId", "IsCorrect", "QuestionId", "Text")
VALUES (141, FALSE, 134, 'Χρήση του ίδιου κωδικού πρόσβασης σε όλες τις συσκευές');
INSERT INTO "MultipleChoiceAnswers" ("MultipleChoiceAnswerId", "IsCorrect", "QuestionId", "Text")
VALUES (142, FALSE, 137, 'HTTP');
INSERT INTO "MultipleChoiceAnswers" ("MultipleChoiceAnswerId", "IsCorrect", "QuestionId", "Text")
VALUES (143, FALSE, 137, 'SMTP');
INSERT INTO "MultipleChoiceAnswers" ("MultipleChoiceAnswerId", "IsCorrect", "QuestionId", "Text")
VALUES (144, TRUE, 137, 'SPI');
INSERT INTO "MultipleChoiceAnswers" ("MultipleChoiceAnswerId", "IsCorrect", "QuestionId", "Text")
VALUES (145, FALSE, 140, 'Περίπλοκη διαχείριση μνήμης');
INSERT INTO "MultipleChoiceAnswers" ("MultipleChoiceAnswerId", "IsCorrect", "QuestionId", "Text")
VALUES (146, TRUE, 140, 'Χρονισμός και συγχρονισμός');
INSERT INTO "MultipleChoiceAnswers" ("MultipleChoiceAnswerId", "IsCorrect", "QuestionId", "Text")
VALUES (147, FALSE, 140, 'Ασύμβατη μορφοποίηση δεδομένων');
INSERT INTO "MultipleChoiceAnswers" ("MultipleChoiceAnswerId", "IsCorrect", "QuestionId", "Text")
VALUES (148, TRUE, 141, 'Παλινδρόμηση Δελτίου (Backpropagation)');
INSERT INTO "MultipleChoiceAnswers" ("MultipleChoiceAnswerId", "IsCorrect", "QuestionId", "Text")
VALUES (149, FALSE, 141, 'Ανάλυση Κυρίων Συνιστωσών (PCA)');
INSERT INTO "MultipleChoiceAnswers" ("MultipleChoiceAnswerId", "IsCorrect", "QuestionId", "Text")
VALUES (150, FALSE, 141, 'k-πλησιέστερος γείτονας (k-NN)');
INSERT INTO "MultipleChoiceAnswers" ("MultipleChoiceAnswerId", "IsCorrect", "QuestionId", "Text")
VALUES (151, TRUE, 144, 'Σύστημα συστάσεων');
INSERT INTO "MultipleChoiceAnswers" ("MultipleChoiceAnswerId", "IsCorrect", "QuestionId", "Text")
VALUES (152, FALSE, 144, 'Βάση δεδομένων SQL');
INSERT INTO "MultipleChoiceAnswers" ("MultipleChoiceAnswerId", "IsCorrect", "QuestionId", "Text")
VALUES (153, FALSE, 144, 'Σύστημα διαχείρισης αρχείων');
INSERT INTO "MultipleChoiceAnswers" ("MultipleChoiceAnswerId", "IsCorrect", "QuestionId", "Text")
VALUES (154, FALSE, 147, 'C++');
INSERT INTO "MultipleChoiceAnswers" ("MultipleChoiceAnswerId", "IsCorrect", "QuestionId", "Text")
VALUES (155, TRUE, 147, 'Python');
INSERT INTO "MultipleChoiceAnswers" ("MultipleChoiceAnswerId", "IsCorrect", "QuestionId", "Text")
VALUES (156, FALSE, 147, 'JavaScript');
INSERT INTO "MultipleChoiceAnswers" ("MultipleChoiceAnswerId", "IsCorrect", "QuestionId", "Text")
VALUES (157, FALSE, 148, 'Διάδοση Κανόνων (Rule Propagation)');
INSERT INTO "MultipleChoiceAnswers" ("MultipleChoiceAnswerId", "IsCorrect", "QuestionId", "Text")
VALUES (158, TRUE, 148, 'Βελτιστοποίηση Adam (Adam Optimization)');
INSERT INTO "MultipleChoiceAnswers" ("MultipleChoiceAnswerId", "IsCorrect", "QuestionId", "Text")
VALUES (159, FALSE, 148, 'Κανονικοποίηση l1');
INSERT INTO "MultipleChoiceAnswers" ("MultipleChoiceAnswerId", "IsCorrect", "QuestionId", "Text")
VALUES (160, FALSE, 151, 'Συνελικτικά Νευρωνικά Δίκτυα (CNN)');
INSERT INTO "MultipleChoiceAnswers" ("MultipleChoiceAnswerId", "IsCorrect", "QuestionId", "Text")
VALUES (161, TRUE, 151, 'Δίκτυα LSTM (Long Short-Term Memory)');
INSERT INTO "MultipleChoiceAnswers" ("MultipleChoiceAnswerId", "IsCorrect", "QuestionId", "Text")
VALUES (162, FALSE, 151, 'k-πλησιέστεροι γείτονες (k-NN)');
INSERT INTO "MultipleChoiceAnswers" ("MultipleChoiceAnswerId", "IsCorrect", "QuestionId", "Text")
VALUES (163, FALSE, 154, 'Αναγνώριση Προτύπων');
INSERT INTO "MultipleChoiceAnswers" ("MultipleChoiceAnswerId", "IsCorrect", "QuestionId", "Text")
VALUES (164, FALSE, 154, 'Ανάλυση Βάσεων Δεδομένων');
INSERT INTO "MultipleChoiceAnswers" ("MultipleChoiceAnswerId", "IsCorrect", "QuestionId", "Text")
VALUES (165, TRUE, 154, 'Αυτόματη οδήγηση αυτοκινήτων ');
INSERT INTO "MultipleChoiceAnswers" ("MultipleChoiceAnswerId", "IsCorrect", "QuestionId", "Text")
VALUES (166, TRUE, 155, 'Παλινδρόμηση Δελτίου (Backpropagation)');
INSERT INTO "MultipleChoiceAnswers" ("MultipleChoiceAnswerId", "IsCorrect", "QuestionId", "Text")
VALUES (167, FALSE, 155, 'Ανάλυση Κυρίων Συνιστωσών (PCA)');
INSERT INTO "MultipleChoiceAnswers" ("MultipleChoiceAnswerId", "IsCorrect", "QuestionId", "Text")
VALUES (168, FALSE, 155, 'k-πλησιέστερος γείτονας (k-NN)');
INSERT INTO "MultipleChoiceAnswers" ("MultipleChoiceAnswerId", "IsCorrect", "QuestionId", "Text")
VALUES (169, TRUE, 158, 'Σύστημα συστάσεων');
INSERT INTO "MultipleChoiceAnswers" ("MultipleChoiceAnswerId", "IsCorrect", "QuestionId", "Text")
VALUES (170, FALSE, 158, 'Βάση δεδομένων SQL');
INSERT INTO "MultipleChoiceAnswers" ("MultipleChoiceAnswerId", "IsCorrect", "QuestionId", "Text")
VALUES (171, FALSE, 158, 'Σύστημα διαχείρισης αρχείων');
INSERT INTO "MultipleChoiceAnswers" ("MultipleChoiceAnswerId", "IsCorrect", "QuestionId", "Text")
VALUES (172, FALSE, 161, 'Συνελικτικά Νευρωνικά Δίκτυα (CNN)');
INSERT INTO "MultipleChoiceAnswers" ("MultipleChoiceAnswerId", "IsCorrect", "QuestionId", "Text")
VALUES (173, TRUE, 161, 'Δίκτυα LSTM (Long Short-Term Memory)');
INSERT INTO "MultipleChoiceAnswers" ("MultipleChoiceAnswerId", "IsCorrect", "QuestionId", "Text")
VALUES (174, FALSE, 161, 'k-πλησιέστεροι γείτονες (k-NN)');
INSERT INTO "MultipleChoiceAnswers" ("MultipleChoiceAnswerId", "IsCorrect", "QuestionId", "Text")
VALUES (175, FALSE, 164, 'Αναγνώριση Προτύπων');
INSERT INTO "MultipleChoiceAnswers" ("MultipleChoiceAnswerId", "IsCorrect", "QuestionId", "Text")
VALUES (176, FALSE, 164, 'Ανάλυση Βάσεων Δεδομένων');
INSERT INTO "MultipleChoiceAnswers" ("MultipleChoiceAnswerId", "IsCorrect", "QuestionId", "Text")
VALUES (177, TRUE, 164, 'Αυτόματη οδήγηση αυτοκινήτων');
INSERT INTO "MultipleChoiceAnswers" ("MultipleChoiceAnswerId", "IsCorrect", "QuestionId", "Text")
VALUES (178, FALSE, 165, 'TCP ');
INSERT INTO "MultipleChoiceAnswers" ("MultipleChoiceAnswerId", "IsCorrect", "QuestionId", "Text")
VALUES (179, FALSE, 165, 'HTTP ');
INSERT INTO "MultipleChoiceAnswers" ("MultipleChoiceAnswerId", "IsCorrect", "QuestionId", "Text")
VALUES (180, TRUE, 165, 'OSPF ');
INSERT INTO "MultipleChoiceAnswers" ("MultipleChoiceAnswerId", "IsCorrect", "QuestionId", "Text")
VALUES (181, TRUE, 168, 'GSM ');
INSERT INTO "MultipleChoiceAnswers" ("MultipleChoiceAnswerId", "IsCorrect", "QuestionId", "Text")
VALUES (182, FALSE, 168, 'DSL ');
INSERT INTO "MultipleChoiceAnswers" ("MultipleChoiceAnswerId", "IsCorrect", "QuestionId", "Text")
VALUES (183, FALSE, 168, 'UDP ');
INSERT INTO "MultipleChoiceAnswers" ("MultipleChoiceAnswerId", "IsCorrect", "QuestionId", "Text")
VALUES (184, FALSE, 171, 'IP ');
INSERT INTO "MultipleChoiceAnswers" ("MultipleChoiceAnswerId", "IsCorrect", "QuestionId", "Text")
VALUES (185, TRUE, 171, 'FTP ');
INSERT INTO "MultipleChoiceAnswers" ("MultipleChoiceAnswerId", "IsCorrect", "QuestionId", "Text")
VALUES (186, FALSE, 171, 'ARP ');
INSERT INTO "MultipleChoiceAnswers" ("MultipleChoiceAnswerId", "IsCorrect", "QuestionId", "Text")
VALUES (187, TRUE, 172, 'Κρυπτογράφηση δεδομένων');
INSERT INTO "MultipleChoiceAnswers" ("MultipleChoiceAnswerId", "IsCorrect", "QuestionId", "Text")
VALUES (188, FALSE, 172, 'Διαγραφή δεδομένων');
INSERT INTO "MultipleChoiceAnswers" ("MultipleChoiceAnswerId", "IsCorrect", "QuestionId", "Text")
VALUES (189, FALSE, 172, 'Αποφυγή της χρήσης δικτύων');
INSERT INTO "MultipleChoiceAnswers" ("MultipleChoiceAnswerId", "IsCorrect", "QuestionId", "Text")
VALUES (190, FALSE, 175, 'TCP Tahoe  ');
INSERT INTO "MultipleChoiceAnswers" ("MultipleChoiceAnswerId", "IsCorrect", "QuestionId", "Text")
VALUES (191, FALSE, 175, 'TCP Reno ');
INSERT INTO "MultipleChoiceAnswers" ("MultipleChoiceAnswerId", "IsCorrect", "QuestionId", "Text")
VALUES (192, TRUE, 175, 'TCP Cubic ');
INSERT INTO "MultipleChoiceAnswers" ("MultipleChoiceAnswerId", "IsCorrect", "QuestionId", "Text")
VALUES (193, TRUE, 178, 'ICMP ');
INSERT INTO "MultipleChoiceAnswers" ("MultipleChoiceAnswerId", "IsCorrect", "QuestionId", "Text")
VALUES (194, FALSE, 178, 'IMAP ');
INSERT INTO "MultipleChoiceAnswers" ("MultipleChoiceAnswerId", "IsCorrect", "QuestionId", "Text")
VALUES (195, FALSE, 178, 'SNMP ');
INSERT INTO "MultipleChoiceAnswers" ("MultipleChoiceAnswerId", "IsCorrect", "QuestionId", "Text")
VALUES (196, TRUE, 181, 'GSM');
INSERT INTO "MultipleChoiceAnswers" ("MultipleChoiceAnswerId", "IsCorrect", "QuestionId", "Text")
VALUES (197, FALSE, 181, 'UDP');
INSERT INTO "MultipleChoiceAnswers" ("MultipleChoiceAnswerId", "IsCorrect", "QuestionId", "Text")
VALUES (198, FALSE, 181, 'UDP');
INSERT INTO "MultipleChoiceAnswers" ("MultipleChoiceAnswerId", "IsCorrect", "QuestionId", "Text")
VALUES (199, FALSE, 182, 'TCP Tahoe ');
INSERT INTO "MultipleChoiceAnswers" ("MultipleChoiceAnswerId", "IsCorrect", "QuestionId", "Text")
VALUES (200, FALSE, 182, 'TCP Reno ');
INSERT INTO "MultipleChoiceAnswers" ("MultipleChoiceAnswerId", "IsCorrect", "QuestionId", "Text")
VALUES (201, TRUE, 182, 'TCP Cubic ');
INSERT INTO "MultipleChoiceAnswers" ("MultipleChoiceAnswerId", "IsCorrect", "QuestionId", "Text")
VALUES (202, TRUE, 185, 'ICMP');
INSERT INTO "MultipleChoiceAnswers" ("MultipleChoiceAnswerId", "IsCorrect", "QuestionId", "Text")
VALUES (203, FALSE, 185, 'IMAP');
INSERT INTO "MultipleChoiceAnswers" ("MultipleChoiceAnswerId", "IsCorrect", "QuestionId", "Text")
VALUES (204, FALSE, 185, 'SNMP');
INSERT INTO "MultipleChoiceAnswers" ("MultipleChoiceAnswerId", "IsCorrect", "QuestionId", "Text")
VALUES (205, TRUE, 186, 'Κρυπτογράφηση δεδομένων');
INSERT INTO "MultipleChoiceAnswers" ("MultipleChoiceAnswerId", "IsCorrect", "QuestionId", "Text")
VALUES (206, FALSE, 186, 'Διαγραφή δεδομένων');
INSERT INTO "MultipleChoiceAnswers" ("MultipleChoiceAnswerId", "IsCorrect", "QuestionId", "Text")
VALUES (207, FALSE, 186, 'Αποφυγή της χρήσης δικτύων');
INSERT INTO "MultipleChoiceAnswers" ("MultipleChoiceAnswerId", "IsCorrect", "QuestionId", "Text")
VALUES (208, FALSE, 187, 'TCP');
INSERT INTO "MultipleChoiceAnswers" ("MultipleChoiceAnswerId", "IsCorrect", "QuestionId", "Text")
VALUES (209, FALSE, 187, 'HTTP');
INSERT INTO "MultipleChoiceAnswers" ("MultipleChoiceAnswerId", "IsCorrect", "QuestionId", "Text")
VALUES (210, TRUE, 187, 'OSPF');
INSERT INTO "MultipleChoiceAnswers" ("MultipleChoiceAnswerId", "IsCorrect", "QuestionId", "Text")
VALUES (215, FALSE, 189, 'Να διαχειρίζεται τα αρχεία');
INSERT INTO "MultipleChoiceAnswers" ("MultipleChoiceAnswerId", "IsCorrect", "QuestionId", "Text")
VALUES (216, FALSE, 189, 'Να διαχειρίζεται τις επεξεργασίες');
INSERT INTO "MultipleChoiceAnswers" ("MultipleChoiceAnswerId", "IsCorrect", "QuestionId", "Text")
VALUES (217, TRUE, 189, 'Να διαχειρίζεται τον χώρο της μνήμης ');
INSERT INTO "MultipleChoiceAnswers" ("MultipleChoiceAnswerId", "IsCorrect", "QuestionId", "Text")
VALUES (218, TRUE, 192, 'HTΕκ περιτροπής (Round-robin) TP');
INSERT INTO "MultipleChoiceAnswers" ("MultipleChoiceAnswerId", "IsCorrect", "QuestionId", "Text")
VALUES (219, FALSE, 192, 'Δυαδικό δέντρο');
INSERT INTO "MultipleChoiceAnswers" ("MultipleChoiceAnswerId", "IsCorrect", "QuestionId", "Text")
VALUES (220, FALSE, 192, 'Γράφημα');
INSERT INTO "MultipleChoiceAnswers" ("MultipleChoiceAnswerId", "IsCorrect", "QuestionId", "Text")
VALUES (221, TRUE, 195, 'MIMD');
INSERT INTO "MultipleChoiceAnswers" ("MultipleChoiceAnswerId", "IsCorrect", "QuestionId", "Text")
VALUES (222, FALSE, 195, 'HTTPSIMD');
INSERT INTO "MultipleChoiceAnswers" ("MultipleChoiceAnswerId", "IsCorrect", "QuestionId", "Text")
VALUES (223, FALSE, 195, 'RISC');
INSERT INTO "MultipleChoiceAnswers" ("MultipleChoiceAnswerId", "IsCorrect", "QuestionId", "Text")
VALUES (224, FALSE, 196, 'Προγραμματισμός C++');
INSERT INTO "MultipleChoiceAnswers" ("MultipleChoiceAnswerId", "IsCorrect", "QuestionId", "Text")
VALUES (225, TRUE, 196, 'Απευθείας μετατροπή από VHDL (VHDL to Gate translation)');
INSERT INTO "MultipleChoiceAnswers" ("MultipleChoiceAnswerId", "IsCorrect", "QuestionId", "Text")
VALUES (226, FALSE, 196, 'Αρχιτεκτονική της Κατάνευσης');
INSERT INTO "MultipleChoiceAnswers" ("MultipleChoiceAnswerId", "IsCorrect", "QuestionId", "Text")
VALUES (227, FALSE, 199, 'Μονοπύρηνος Επεξεργαστής');
INSERT INTO "MultipleChoiceAnswers" ("MultipleChoiceAnswerId", "IsCorrect", "QuestionId", "Text")
VALUES (228, TRUE, 199, 'Πολυπύρηνος Επεξεργαστής');
INSERT INTO "MultipleChoiceAnswers" ("MultipleChoiceAnswerId", "IsCorrect", "QuestionId", "Text")
VALUES (229, FALSE, 199, 'Επεξεργαστής Χαμηλής Κατανάλωσης');
INSERT INTO "MultipleChoiceAnswers" ("MultipleChoiceAnswerId", "IsCorrect", "QuestionId", "Text")
VALUES (230, FALSE, 202, 'Προσομοίωση Καιρού');
INSERT INTO "MultipleChoiceAnswers" ("MultipleChoiceAnswerId", "IsCorrect", "QuestionId", "Text")
VALUES (231, FALSE, 202, 'Ανάλυση Δεδομένων');
INSERT INTO "MultipleChoiceAnswers" ("MultipleChoiceAnswerId", "IsCorrect", "QuestionId", "Text")
VALUES (232, TRUE, 202, 'Ανάλυση Δεδομένων');
INSERT INTO "MultipleChoiceAnswers" ("MultipleChoiceAnswerId", "IsCorrect", "QuestionId", "Text")
VALUES (233, FALSE, 203, 'Να διαχειρίζεται τα αρχεία');
INSERT INTO "MultipleChoiceAnswers" ("MultipleChoiceAnswerId", "IsCorrect", "QuestionId", "Text")
VALUES (234, FALSE, 203, 'Να διαχειρίζεται τις επεξεργασίες');
INSERT INTO "MultipleChoiceAnswers" ("MultipleChoiceAnswerId", "IsCorrect", "QuestionId", "Text")
VALUES (235, TRUE, 203, 'Να διαχειρίζεται τον χώρο της μνήμης');
INSERT INTO "MultipleChoiceAnswers" ("MultipleChoiceAnswerId", "IsCorrect", "QuestionId", "Text")
VALUES (236, TRUE, 206, 'Εκ περιτροπής (Round-robin)');
INSERT INTO "MultipleChoiceAnswers" ("MultipleChoiceAnswerId", "IsCorrect", "QuestionId", "Text")
VALUES (237, FALSE, 206, 'Δυαδικό δέντρο');
INSERT INTO "MultipleChoiceAnswers" ("MultipleChoiceAnswerId", "IsCorrect", "QuestionId", "Text")
VALUES (238, FALSE, 206, 'Γράφημα');
INSERT INTO "MultipleChoiceAnswers" ("MultipleChoiceAnswerId", "IsCorrect", "QuestionId", "Text")
VALUES (239, FALSE, 208, 'Προγραμματισμός C++');
INSERT INTO "MultipleChoiceAnswers" ("MultipleChoiceAnswerId", "IsCorrect", "QuestionId", "Text")
VALUES (240, TRUE, 208, 'Απευθείας μετατροπή από VHDL (VHDL to Gate translation)');
INSERT INTO "MultipleChoiceAnswers" ("MultipleChoiceAnswerId", "IsCorrect", "QuestionId", "Text")
VALUES (241, FALSE, 208, 'Αρχιτεκτονική της Κατάνευσης');
INSERT INTO "MultipleChoiceAnswers" ("MultipleChoiceAnswerId", "IsCorrect", "QuestionId", "Text")
VALUES (242, FALSE, 211, 'Μονοπύρηνος Επεξεργαστής');
INSERT INTO "MultipleChoiceAnswers" ("MultipleChoiceAnswerId", "IsCorrect", "QuestionId", "Text")
VALUES (243, TRUE, 211, 'Πολυπύρηνος Επεξεργαστής');
INSERT INTO "MultipleChoiceAnswers" ("MultipleChoiceAnswerId", "IsCorrect", "QuestionId", "Text")
VALUES (244, FALSE, 211, 'Επεξεργαστής Χαμηλής Κατανάλωσης');
INSERT INTO "MultipleChoiceAnswers" ("MultipleChoiceAnswerId", "IsCorrect", "QuestionId", "Text")
VALUES (245, FALSE, 212, 'Προσομοίωση Καιρού');
INSERT INTO "MultipleChoiceAnswers" ("MultipleChoiceAnswerId", "IsCorrect", "QuestionId", "Text")
VALUES (246, FALSE, 212, 'Ανάλυση Δεδομένων');
INSERT INTO "MultipleChoiceAnswers" ("MultipleChoiceAnswerId", "IsCorrect", "QuestionId", "Text")
VALUES (247, TRUE, 212, 'Όλα τα παραπάνω');

INSERT INTO "QuestionLikertScaleAnswers" ("LikertScaleAnswersId", "QuestionId")
VALUES (1, 71);
INSERT INTO "QuestionLikertScaleAnswers" ("LikertScaleAnswersId", "QuestionId")
VALUES (1, 73);
INSERT INTO "QuestionLikertScaleAnswers" ("LikertScaleAnswersId", "QuestionId")
VALUES (1, 78);
INSERT INTO "QuestionLikertScaleAnswers" ("LikertScaleAnswersId", "QuestionId")
VALUES (1, 80);
INSERT INTO "QuestionLikertScaleAnswers" ("LikertScaleAnswersId", "QuestionId")
VALUES (1, 83);
INSERT INTO "QuestionLikertScaleAnswers" ("LikertScaleAnswersId", "QuestionId")
VALUES (1, 85);
INSERT INTO "QuestionLikertScaleAnswers" ("LikertScaleAnswersId", "QuestionId")
VALUES (1, 88);
INSERT INTO "QuestionLikertScaleAnswers" ("LikertScaleAnswersId", "QuestionId")
VALUES (1, 90);
INSERT INTO "QuestionLikertScaleAnswers" ("LikertScaleAnswersId", "QuestionId")
VALUES (1, 95);
INSERT INTO "QuestionLikertScaleAnswers" ("LikertScaleAnswersId", "QuestionId")
VALUES (1, 98);
INSERT INTO "QuestionLikertScaleAnswers" ("LikertScaleAnswersId", "QuestionId")
VALUES (1, 102);
INSERT INTO "QuestionLikertScaleAnswers" ("LikertScaleAnswersId", "QuestionId")
VALUES (1, 104);
INSERT INTO "QuestionLikertScaleAnswers" ("LikertScaleAnswersId", "QuestionId")
VALUES (1, 109);
INSERT INTO "QuestionLikertScaleAnswers" ("LikertScaleAnswersId", "QuestionId")
VALUES (1, 112);
INSERT INTO "QuestionLikertScaleAnswers" ("LikertScaleAnswersId", "QuestionId")
VALUES (1, 114);
INSERT INTO "QuestionLikertScaleAnswers" ("LikertScaleAnswersId", "QuestionId")
VALUES (1, 119);
INSERT INTO "QuestionLikertScaleAnswers" ("LikertScaleAnswersId", "QuestionId")
VALUES (1, 121);
INSERT INTO "QuestionLikertScaleAnswers" ("LikertScaleAnswersId", "QuestionId")
VALUES (1, 126);
INSERT INTO "QuestionLikertScaleAnswers" ("LikertScaleAnswersId", "QuestionId")
VALUES (1, 129);
INSERT INTO "QuestionLikertScaleAnswers" ("LikertScaleAnswersId", "QuestionId")
VALUES (1, 133);
INSERT INTO "QuestionLikertScaleAnswers" ("LikertScaleAnswersId", "QuestionId")
VALUES (1, 135);
INSERT INTO "QuestionLikertScaleAnswers" ("LikertScaleAnswersId", "QuestionId")
VALUES (1, 136);
INSERT INTO "QuestionLikertScaleAnswers" ("LikertScaleAnswersId", "QuestionId")
VALUES (1, 143);
INSERT INTO "QuestionLikertScaleAnswers" ("LikertScaleAnswersId", "QuestionId")
VALUES (1, 145);
INSERT INTO "QuestionLikertScaleAnswers" ("LikertScaleAnswersId", "QuestionId")
VALUES (1, 150);
INSERT INTO "QuestionLikertScaleAnswers" ("LikertScaleAnswersId", "QuestionId")
VALUES (1, 152);
INSERT INTO "QuestionLikertScaleAnswers" ("LikertScaleAnswersId", "QuestionId")
VALUES (1, 157);
INSERT INTO "QuestionLikertScaleAnswers" ("LikertScaleAnswersId", "QuestionId")
VALUES (1, 159);
INSERT INTO "QuestionLikertScaleAnswers" ("LikertScaleAnswersId", "QuestionId")
VALUES (1, 160);
INSERT INTO "QuestionLikertScaleAnswers" ("LikertScaleAnswersId", "QuestionId")
VALUES (1, 162);
INSERT INTO "QuestionLikertScaleAnswers" ("LikertScaleAnswersId", "QuestionId")
VALUES (1, 167);
INSERT INTO "QuestionLikertScaleAnswers" ("LikertScaleAnswersId", "QuestionId")
VALUES (1, 169);
INSERT INTO "QuestionLikertScaleAnswers" ("LikertScaleAnswersId", "QuestionId")
VALUES (1, 174);
INSERT INTO "QuestionLikertScaleAnswers" ("LikertScaleAnswersId", "QuestionId")
VALUES (1, 177);
INSERT INTO "QuestionLikertScaleAnswers" ("LikertScaleAnswersId", "QuestionId")
VALUES (1, 180);
INSERT INTO "QuestionLikertScaleAnswers" ("LikertScaleAnswersId", "QuestionId")
VALUES (1, 184);
INSERT INTO "QuestionLikertScaleAnswers" ("LikertScaleAnswersId", "QuestionId")
VALUES (1, 191);
INSERT INTO "QuestionLikertScaleAnswers" ("LikertScaleAnswersId", "QuestionId")
VALUES (1, 193);
INSERT INTO "QuestionLikertScaleAnswers" ("LikertScaleAnswersId", "QuestionId")
VALUES (1, 198);
INSERT INTO "QuestionLikertScaleAnswers" ("LikertScaleAnswersId", "QuestionId")
VALUES (1, 201);
INSERT INTO "QuestionLikertScaleAnswers" ("LikertScaleAnswersId", "QuestionId")
VALUES (1, 205);
INSERT INTO "QuestionLikertScaleAnswers" ("LikertScaleAnswersId", "QuestionId")
VALUES (1, 209);

INSERT INTO "QuestionsMastersDegrees" ("MastersDegreeId", "QuestionId")
VALUES (1, 69);
INSERT INTO "QuestionsMastersDegrees" ("MastersDegreeId", "QuestionId")
VALUES (2, 69);
INSERT INTO "QuestionsMastersDegrees" ("MastersDegreeId", "QuestionId")
VALUES (6, 69);
INSERT INTO "QuestionsMastersDegrees" ("MastersDegreeId", "QuestionId")
VALUES (6, 70);
INSERT INTO "QuestionsMastersDegrees" ("MastersDegreeId", "QuestionId")
VALUES (7, 70);
INSERT INTO "QuestionsMastersDegrees" ("MastersDegreeId", "QuestionId")
VALUES (3, 71);
INSERT INTO "QuestionsMastersDegrees" ("MastersDegreeId", "QuestionId")
VALUES (4, 71);
INSERT INTO "QuestionsMastersDegrees" ("MastersDegreeId", "QuestionId")
VALUES (7, 72);
INSERT INTO "QuestionsMastersDegrees" ("MastersDegreeId", "QuestionId")
VALUES (10, 72);
INSERT INTO "QuestionsMastersDegrees" ("MastersDegreeId", "QuestionId")
VALUES (8, 73);
INSERT INTO "QuestionsMastersDegrees" ("MastersDegreeId", "QuestionId")
VALUES (9, 73);
INSERT INTO "QuestionsMastersDegrees" ("MastersDegreeId", "QuestionId")
VALUES (2, 74);
INSERT INTO "QuestionsMastersDegrees" ("MastersDegreeId", "QuestionId")
VALUES (3, 74);
INSERT INTO "QuestionsMastersDegrees" ("MastersDegreeId", "QuestionId")
VALUES (4, 75);
INSERT INTO "QuestionsMastersDegrees" ("MastersDegreeId", "QuestionId")
VALUES (5, 75);
INSERT INTO "QuestionsMastersDegrees" ("MastersDegreeId", "QuestionId")
VALUES (1, 76);
INSERT INTO "QuestionsMastersDegrees" ("MastersDegreeId", "QuestionId")
VALUES (6, 76);
INSERT INTO "QuestionsMastersDegrees" ("MastersDegreeId", "QuestionId")
VALUES (8, 77);
INSERT INTO "QuestionsMastersDegrees" ("MastersDegreeId", "QuestionId")
VALUES (9, 77);
INSERT INTO "QuestionsMastersDegrees" ("MastersDegreeId", "QuestionId")
VALUES (2, 78);
INSERT INTO "QuestionsMastersDegrees" ("MastersDegreeId", "QuestionId")
VALUES (10, 78);
INSERT INTO "QuestionsMastersDegrees" ("MastersDegreeId", "QuestionId")
VALUES (3, 79);
INSERT INTO "QuestionsMastersDegrees" ("MastersDegreeId", "QuestionId")
VALUES (7, 79);
INSERT INTO "QuestionsMastersDegrees" ("MastersDegreeId", "QuestionId")
VALUES (10, 79);
INSERT INTO "QuestionsMastersDegrees" ("MastersDegreeId", "QuestionId")
VALUES (4, 80);
INSERT INTO "QuestionsMastersDegrees" ("MastersDegreeId", "QuestionId")
VALUES (5, 80);
INSERT INTO "QuestionsMastersDegrees" ("MastersDegreeId", "QuestionId")
VALUES (8, 81);
INSERT INTO "QuestionsMastersDegrees" ("MastersDegreeId", "QuestionId")
VALUES (9, 81);
INSERT INTO "QuestionsMastersDegrees" ("MastersDegreeId", "QuestionId")
VALUES (4, 82);
INSERT INTO "QuestionsMastersDegrees" ("MastersDegreeId", "QuestionId")
VALUES (5, 82);
INSERT INTO "QuestionsMastersDegrees" ("MastersDegreeId", "QuestionId")
VALUES (1, 83);
INSERT INTO "QuestionsMastersDegrees" ("MastersDegreeId", "QuestionId")
VALUES (5, 83);
INSERT INTO "QuestionsMastersDegrees" ("MastersDegreeId", "QuestionId")
VALUES (2, 84);
INSERT INTO "QuestionsMastersDegrees" ("MastersDegreeId", "QuestionId")
VALUES (10, 84);
INSERT INTO "QuestionsMastersDegrees" ("MastersDegreeId", "QuestionId")
VALUES (7, 85);
INSERT INTO "QuestionsMastersDegrees" ("MastersDegreeId", "QuestionId")
VALUES (5, 86);
INSERT INTO "QuestionsMastersDegrees" ("MastersDegreeId", "QuestionId")
VALUES (3, 87);
INSERT INTO "QuestionsMastersDegrees" ("MastersDegreeId", "QuestionId")
VALUES (4, 87);
INSERT INTO "QuestionsMastersDegrees" ("MastersDegreeId", "QuestionId")
VALUES (8, 88);
INSERT INTO "QuestionsMastersDegrees" ("MastersDegreeId", "QuestionId")
VALUES (9, 88);
INSERT INTO "QuestionsMastersDegrees" ("MastersDegreeId", "QuestionId")
VALUES (6, 89);
INSERT INTO "QuestionsMastersDegrees" ("MastersDegreeId", "QuestionId")
VALUES (7, 89);
INSERT INTO "QuestionsMastersDegrees" ("MastersDegreeId", "QuestionId")
VALUES (6, 90);
INSERT INTO "QuestionsMastersDegrees" ("MastersDegreeId", "QuestionId")
VALUES (8, 91);
INSERT INTO "QuestionsMastersDegrees" ("MastersDegreeId", "QuestionId")
VALUES (9, 91);
INSERT INTO "QuestionsMastersDegrees" ("MastersDegreeId", "QuestionId")
VALUES (3, 92);
INSERT INTO "QuestionsMastersDegrees" ("MastersDegreeId", "QuestionId")
VALUES (5, 92);
INSERT INTO "QuestionsMastersDegrees" ("MastersDegreeId", "QuestionId")
VALUES (1, 93);
INSERT INTO "QuestionsMastersDegrees" ("MastersDegreeId", "QuestionId")
VALUES (2, 93);
INSERT INTO "QuestionsMastersDegrees" ("MastersDegreeId", "QuestionId")
VALUES (5, 94);
INSERT INTO "QuestionsMastersDegrees" ("MastersDegreeId", "QuestionId")
VALUES (4, 95);
INSERT INTO "QuestionsMastersDegrees" ("MastersDegreeId", "QuestionId")
VALUES (10, 95);
INSERT INTO "QuestionsMastersDegrees" ("MastersDegreeId", "QuestionId")
VALUES (3, 96);
INSERT INTO "QuestionsMastersDegrees" ("MastersDegreeId", "QuestionId")
VALUES (10, 97);
INSERT INTO "QuestionsMastersDegrees" ("MastersDegreeId", "QuestionId")
VALUES (8, 98);
INSERT INTO "QuestionsMastersDegrees" ("MastersDegreeId", "QuestionId")
VALUES (9, 98);
INSERT INTO "QuestionsMastersDegrees" ("MastersDegreeId", "QuestionId")
VALUES (6, 99);
INSERT INTO "QuestionsMastersDegrees" ("MastersDegreeId", "QuestionId")
VALUES (9, 99);
INSERT INTO "QuestionsMastersDegrees" ("MastersDegreeId", "QuestionId")
VALUES (2, 100);
INSERT INTO "QuestionsMastersDegrees" ("MastersDegreeId", "QuestionId")
VALUES (4, 100);
INSERT INTO "QuestionsMastersDegrees" ("MastersDegreeId", "QuestionId")
VALUES (1, 101);
INSERT INTO "QuestionsMastersDegrees" ("MastersDegreeId", "QuestionId")
VALUES (5, 101);
INSERT INTO "QuestionsMastersDegrees" ("MastersDegreeId", "QuestionId")
VALUES (8, 102);
INSERT INTO "QuestionsMastersDegrees" ("MastersDegreeId", "QuestionId")
VALUES (9, 102);
INSERT INTO "QuestionsMastersDegrees" ("MastersDegreeId", "QuestionId")
VALUES (1, 103);
INSERT INTO "QuestionsMastersDegrees" ("MastersDegreeId", "QuestionId")
VALUES (5, 104);
INSERT INTO "QuestionsMastersDegrees" ("MastersDegreeId", "QuestionId")
VALUES (2, 105);
INSERT INTO "QuestionsMastersDegrees" ("MastersDegreeId", "QuestionId")
VALUES (9, 106);
INSERT INTO "QuestionsMastersDegrees" ("MastersDegreeId", "QuestionId")
VALUES (1, 107);
INSERT INTO "QuestionsMastersDegrees" ("MastersDegreeId", "QuestionId")
VALUES (6, 108);
INSERT INTO "QuestionsMastersDegrees" ("MastersDegreeId", "QuestionId")
VALUES (9, 109);
INSERT INTO "QuestionsMastersDegrees" ("MastersDegreeId", "QuestionId")
VALUES (10, 109);
INSERT INTO "QuestionsMastersDegrees" ("MastersDegreeId", "QuestionId")
VALUES (1, 110);
INSERT INTO "QuestionsMastersDegrees" ("MastersDegreeId", "QuestionId")
VALUES (3, 110);
INSERT INTO "QuestionsMastersDegrees" ("MastersDegreeId", "QuestionId")
VALUES (7, 111);
INSERT INTO "QuestionsMastersDegrees" ("MastersDegreeId", "QuestionId")
VALUES (10, 111);
INSERT INTO "QuestionsMastersDegrees" ("MastersDegreeId", "QuestionId")
VALUES (4, 112);
INSERT INTO "QuestionsMastersDegrees" ("MastersDegreeId", "QuestionId")
VALUES (4, 113);
INSERT INTO "QuestionsMastersDegrees" ("MastersDegreeId", "QuestionId")
VALUES (6, 114);
INSERT INTO "QuestionsMastersDegrees" ("MastersDegreeId", "QuestionId")
VALUES (4, 115);
INSERT INTO "QuestionsMastersDegrees" ("MastersDegreeId", "QuestionId")
VALUES (5, 115);
INSERT INTO "QuestionsMastersDegrees" ("MastersDegreeId", "QuestionId")
VALUES (3, 116);
INSERT INTO "QuestionsMastersDegrees" ("MastersDegreeId", "QuestionId")
VALUES (8, 116);
INSERT INTO "QuestionsMastersDegrees" ("MastersDegreeId", "QuestionId")
VALUES (5, 117);
INSERT INTO "QuestionsMastersDegrees" ("MastersDegreeId", "QuestionId")
VALUES (7, 118);
INSERT INTO "QuestionsMastersDegrees" ("MastersDegreeId", "QuestionId")
VALUES (2, 119);
INSERT INTO "QuestionsMastersDegrees" ("MastersDegreeId", "QuestionId")
VALUES (2, 120);
INSERT INTO "QuestionsMastersDegrees" ("MastersDegreeId", "QuestionId")
VALUES (8, 121);
INSERT INTO "QuestionsMastersDegrees" ("MastersDegreeId", "QuestionId")
VALUES (1, 122);
INSERT INTO "QuestionsMastersDegrees" ("MastersDegreeId", "QuestionId")
VALUES (4, 123);
INSERT INTO "QuestionsMastersDegrees" ("MastersDegreeId", "QuestionId")
VALUES (5, 123);
INSERT INTO "QuestionsMastersDegrees" ("MastersDegreeId", "QuestionId")
VALUES (1, 124);
INSERT INTO "QuestionsMastersDegrees" ("MastersDegreeId", "QuestionId")
VALUES (6, 124);
INSERT INTO "QuestionsMastersDegrees" ("MastersDegreeId", "QuestionId")
VALUES (3, 125);
INSERT INTO "QuestionsMastersDegrees" ("MastersDegreeId", "QuestionId")
VALUES (7, 125);
INSERT INTO "QuestionsMastersDegrees" ("MastersDegreeId", "QuestionId")
VALUES (10, 126);
INSERT INTO "QuestionsMastersDegrees" ("MastersDegreeId", "QuestionId")
VALUES (6, 127);
INSERT INTO "QuestionsMastersDegrees" ("MastersDegreeId", "QuestionId")
VALUES (9, 127);
INSERT INTO "QuestionsMastersDegrees" ("MastersDegreeId", "QuestionId")
VALUES (9, 128);
INSERT INTO "QuestionsMastersDegrees" ("MastersDegreeId", "QuestionId")
VALUES (10, 128);
INSERT INTO "QuestionsMastersDegrees" ("MastersDegreeId", "QuestionId")
VALUES (2, 129);
INSERT INTO "QuestionsMastersDegrees" ("MastersDegreeId", "QuestionId")
VALUES (3, 129);
INSERT INTO "QuestionsMastersDegrees" ("MastersDegreeId", "QuestionId")
VALUES (4, 129);
INSERT INTO "QuestionsMastersDegrees" ("MastersDegreeId", "QuestionId")
VALUES (1, 130);
INSERT INTO "QuestionsMastersDegrees" ("MastersDegreeId", "QuestionId")
VALUES (10, 130);
INSERT INTO "QuestionsMastersDegrees" ("MastersDegreeId", "QuestionId")
VALUES (10, 131);
INSERT INTO "QuestionsMastersDegrees" ("MastersDegreeId", "QuestionId")
VALUES (8, 132);
INSERT INTO "QuestionsMastersDegrees" ("MastersDegreeId", "QuestionId")
VALUES (1, 133);
INSERT INTO "QuestionsMastersDegrees" ("MastersDegreeId", "QuestionId")
VALUES (4, 133);
INSERT INTO "QuestionsMastersDegrees" ("MastersDegreeId", "QuestionId")
VALUES (5, 134);
INSERT INTO "QuestionsMastersDegrees" ("MastersDegreeId", "QuestionId")
VALUES (9, 134);
INSERT INTO "QuestionsMastersDegrees" ("MastersDegreeId", "QuestionId")
VALUES (5, 135);
INSERT INTO "QuestionsMastersDegrees" ("MastersDegreeId", "QuestionId")
VALUES (2, 136);
INSERT INTO "QuestionsMastersDegrees" ("MastersDegreeId", "QuestionId")
VALUES (6, 136);
INSERT INTO "QuestionsMastersDegrees" ("MastersDegreeId", "QuestionId")
VALUES (7, 137);
INSERT INTO "QuestionsMastersDegrees" ("MastersDegreeId", "QuestionId")
VALUES (3, 138);
INSERT INTO "QuestionsMastersDegrees" ("MastersDegreeId", "QuestionId")
VALUES (10, 138);
INSERT INTO "QuestionsMastersDegrees" ("MastersDegreeId", "QuestionId")
VALUES (1, 139);
INSERT INTO "QuestionsMastersDegrees" ("MastersDegreeId", "QuestionId")
VALUES (8, 139);
INSERT INTO "QuestionsMastersDegrees" ("MastersDegreeId", "QuestionId")
VALUES (8, 140);
INSERT INTO "QuestionsMastersDegrees" ("MastersDegreeId", "QuestionId")
VALUES (9, 140);
INSERT INTO "QuestionsMastersDegrees" ("MastersDegreeId", "QuestionId")
VALUES (1, 141);
INSERT INTO "QuestionsMastersDegrees" ("MastersDegreeId", "QuestionId")
VALUES (2, 142);
INSERT INTO "QuestionsMastersDegrees" ("MastersDegreeId", "QuestionId")
VALUES (3, 143);
INSERT INTO "QuestionsMastersDegrees" ("MastersDegreeId", "QuestionId")
VALUES (6, 144);
INSERT INTO "QuestionsMastersDegrees" ("MastersDegreeId", "QuestionId")
VALUES (1, 145);
INSERT INTO "QuestionsMastersDegrees" ("MastersDegreeId", "QuestionId")
VALUES (3, 146);
INSERT INTO "QuestionsMastersDegrees" ("MastersDegreeId", "QuestionId")
VALUES (10, 146);
INSERT INTO "QuestionsMastersDegrees" ("MastersDegreeId", "QuestionId")
VALUES (7, 147);
INSERT INTO "QuestionsMastersDegrees" ("MastersDegreeId", "QuestionId")
VALUES (9, 147);
INSERT INTO "QuestionsMastersDegrees" ("MastersDegreeId", "QuestionId")
VALUES (9, 148);
INSERT INTO "QuestionsMastersDegrees" ("MastersDegreeId", "QuestionId")
VALUES (2, 149);
INSERT INTO "QuestionsMastersDegrees" ("MastersDegreeId", "QuestionId")
VALUES (6, 150);
INSERT INTO "QuestionsMastersDegrees" ("MastersDegreeId", "QuestionId")
VALUES (4, 151);
INSERT INTO "QuestionsMastersDegrees" ("MastersDegreeId", "QuestionId")
VALUES (10, 152);
INSERT INTO "QuestionsMastersDegrees" ("MastersDegreeId", "QuestionId")
VALUES (3, 153);
INSERT INTO "QuestionsMastersDegrees" ("MastersDegreeId", "QuestionId")
VALUES (1, 154);
INSERT INTO "QuestionsMastersDegrees" ("MastersDegreeId", "QuestionId")
VALUES (2, 154);
INSERT INTO "QuestionsMastersDegrees" ("MastersDegreeId", "QuestionId")
VALUES (7, 155);
INSERT INTO "QuestionsMastersDegrees" ("MastersDegreeId", "QuestionId")
VALUES (6, 156);
INSERT INTO "QuestionsMastersDegrees" ("MastersDegreeId", "QuestionId")
VALUES (2, 157);
INSERT INTO "QuestionsMastersDegrees" ("MastersDegreeId", "QuestionId")
VALUES (10, 157);
INSERT INTO "QuestionsMastersDegrees" ("MastersDegreeId", "QuestionId")
VALUES (5, 158);
INSERT INTO "QuestionsMastersDegrees" ("MastersDegreeId", "QuestionId")
VALUES (1, 159);
INSERT INTO "QuestionsMastersDegrees" ("MastersDegreeId", "QuestionId")
VALUES (7, 160);
INSERT INTO "QuestionsMastersDegrees" ("MastersDegreeId", "QuestionId")
VALUES (8, 160);
INSERT INTO "QuestionsMastersDegrees" ("MastersDegreeId", "QuestionId")
VALUES (3, 161);
INSERT INTO "QuestionsMastersDegrees" ("MastersDegreeId", "QuestionId")
VALUES (8, 161);
INSERT INTO "QuestionsMastersDegrees" ("MastersDegreeId", "QuestionId")
VALUES (6, 162);
INSERT INTO "QuestionsMastersDegrees" ("MastersDegreeId", "QuestionId")
VALUES (1, 163);
INSERT INTO "QuestionsMastersDegrees" ("MastersDegreeId", "QuestionId")
VALUES (3, 163);
INSERT INTO "QuestionsMastersDegrees" ("MastersDegreeId", "QuestionId")
VALUES (2, 164);
INSERT INTO "QuestionsMastersDegrees" ("MastersDegreeId", "QuestionId")
VALUES (4, 165);
INSERT INTO "QuestionsMastersDegrees" ("MastersDegreeId", "QuestionId")
VALUES (5, 166);
INSERT INTO "QuestionsMastersDegrees" ("MastersDegreeId", "QuestionId")
VALUES (8, 167);
INSERT INTO "QuestionsMastersDegrees" ("MastersDegreeId", "QuestionId")
VALUES (9, 167);
INSERT INTO "QuestionsMastersDegrees" ("MastersDegreeId", "QuestionId")
VALUES (7, 168);
INSERT INTO "QuestionsMastersDegrees" ("MastersDegreeId", "QuestionId")
VALUES (9, 169);
INSERT INTO "QuestionsMastersDegrees" ("MastersDegreeId", "QuestionId")
VALUES (4, 170);
INSERT INTO "QuestionsMastersDegrees" ("MastersDegreeId", "QuestionId")
VALUES (4, 171);
INSERT INTO "QuestionsMastersDegrees" ("MastersDegreeId", "QuestionId")
VALUES (5, 171);
INSERT INTO "QuestionsMastersDegrees" ("MastersDegreeId", "QuestionId")
VALUES (1, 172);
INSERT INTO "QuestionsMastersDegrees" ("MastersDegreeId", "QuestionId")
VALUES (5, 173);
INSERT INTO "QuestionsMastersDegrees" ("MastersDegreeId", "QuestionId")
VALUES (3, 174);
INSERT INTO "QuestionsMastersDegrees" ("MastersDegreeId", "QuestionId")
VALUES (8, 175);
INSERT INTO "QuestionsMastersDegrees" ("MastersDegreeId", "QuestionId")
VALUES (9, 175);
INSERT INTO "QuestionsMastersDegrees" ("MastersDegreeId", "QuestionId")
VALUES (10, 176);
INSERT INTO "QuestionsMastersDegrees" ("MastersDegreeId", "QuestionId")
VALUES (6, 177);
INSERT INTO "QuestionsMastersDegrees" ("MastersDegreeId", "QuestionId")
VALUES (7, 177);
INSERT INTO "QuestionsMastersDegrees" ("MastersDegreeId", "QuestionId")
VALUES (4, 178);
INSERT INTO "QuestionsMastersDegrees" ("MastersDegreeId", "QuestionId")
VALUES (5, 179);
INSERT INTO "QuestionsMastersDegrees" ("MastersDegreeId", "QuestionId")
VALUES (6, 180);
INSERT INTO "QuestionsMastersDegrees" ("MastersDegreeId", "QuestionId")
VALUES (1, 181);
INSERT INTO "QuestionsMastersDegrees" ("MastersDegreeId", "QuestionId")
VALUES (4, 182);
INSERT INTO "QuestionsMastersDegrees" ("MastersDegreeId", "QuestionId")
VALUES (3, 183);
INSERT INTO "QuestionsMastersDegrees" ("MastersDegreeId", "QuestionId")
VALUES (7, 184);
INSERT INTO "QuestionsMastersDegrees" ("MastersDegreeId", "QuestionId")
VALUES (7, 185);
INSERT INTO "QuestionsMastersDegrees" ("MastersDegreeId", "QuestionId")
VALUES (8, 185);
INSERT INTO "QuestionsMastersDegrees" ("MastersDegreeId", "QuestionId")
VALUES (5, 186);
INSERT INTO "QuestionsMastersDegrees" ("MastersDegreeId", "QuestionId")
VALUES (2, 187);
INSERT INTO "QuestionsMastersDegrees" ("MastersDegreeId", "QuestionId")
VALUES (8, 188);
INSERT INTO "QuestionsMastersDegrees" ("MastersDegreeId", "QuestionId")
VALUES (9, 188);
INSERT INTO "QuestionsMastersDegrees" ("MastersDegreeId", "QuestionId")
VALUES (10, 189);
INSERT INTO "QuestionsMastersDegrees" ("MastersDegreeId", "QuestionId")
VALUES (8, 190);
INSERT INTO "QuestionsMastersDegrees" ("MastersDegreeId", "QuestionId")
VALUES (9, 191);
INSERT INTO "QuestionsMastersDegrees" ("MastersDegreeId", "QuestionId")
VALUES (7, 192);
INSERT INTO "QuestionsMastersDegrees" ("MastersDegreeId", "QuestionId")
VALUES (1, 193);
INSERT INTO "QuestionsMastersDegrees" ("MastersDegreeId", "QuestionId")
VALUES (3, 194);
INSERT INTO "QuestionsMastersDegrees" ("MastersDegreeId", "QuestionId")
VALUES (6, 195);
INSERT INTO "QuestionsMastersDegrees" ("MastersDegreeId", "QuestionId")
VALUES (1, 196);
INSERT INTO "QuestionsMastersDegrees" ("MastersDegreeId", "QuestionId")
VALUES (6, 197);
INSERT INTO "QuestionsMastersDegrees" ("MastersDegreeId", "QuestionId")
VALUES (10, 198);
INSERT INTO "QuestionsMastersDegrees" ("MastersDegreeId", "QuestionId")
VALUES (9, 199);
INSERT INTO "QuestionsMastersDegrees" ("MastersDegreeId", "QuestionId")
VALUES (8, 200);
INSERT INTO "QuestionsMastersDegrees" ("MastersDegreeId", "QuestionId")
VALUES (7, 201);
INSERT INTO "QuestionsMastersDegrees" ("MastersDegreeId", "QuestionId")
VALUES (10, 201);
INSERT INTO "QuestionsMastersDegrees" ("MastersDegreeId", "QuestionId")
VALUES (2, 202);
INSERT INTO "QuestionsMastersDegrees" ("MastersDegreeId", "QuestionId")
VALUES (1, 203);
INSERT INTO "QuestionsMastersDegrees" ("MastersDegreeId", "QuestionId")
VALUES (8, 204);
INSERT INTO "QuestionsMastersDegrees" ("MastersDegreeId", "QuestionId")
VALUES (3, 205);
INSERT INTO "QuestionsMastersDegrees" ("MastersDegreeId", "QuestionId")
VALUES (6, 206);
INSERT INTO "QuestionsMastersDegrees" ("MastersDegreeId", "QuestionId")
VALUES (6, 207);
INSERT INTO "QuestionsMastersDegrees" ("MastersDegreeId", "QuestionId")
VALUES (1, 208);
INSERT INTO "QuestionsMastersDegrees" ("MastersDegreeId", "QuestionId")
VALUES (5, 209);
INSERT INTO "QuestionsMastersDegrees" ("MastersDegreeId", "QuestionId")
VALUES (8, 210);
INSERT INTO "QuestionsMastersDegrees" ("MastersDegreeId", "QuestionId")
VALUES (9, 210);
INSERT INTO "QuestionsMastersDegrees" ("MastersDegreeId", "QuestionId")
VALUES (2, 211);
INSERT INTO "QuestionsMastersDegrees" ("MastersDegreeId", "QuestionId")
VALUES (1, 212);
INSERT INTO "QuestionsMastersDegrees" ("MastersDegreeId", "QuestionId")
VALUES (2, 212);

INSERT INTO "QuestionsProfessions" ("ProfessionId", "QuestionId")
VALUES (1, 69);
INSERT INTO "QuestionsProfessions" ("ProfessionId", "QuestionId")
VALUES (3, 69);
INSERT INTO "QuestionsProfessions" ("ProfessionId", "QuestionId")
VALUES (5, 70);
INSERT INTO "QuestionsProfessions" ("ProfessionId", "QuestionId")
VALUES (7, 70);
INSERT INTO "QuestionsProfessions" ("ProfessionId", "QuestionId")
VALUES (8, 70);
INSERT INTO "QuestionsProfessions" ("ProfessionId", "QuestionId")
VALUES (3, 71);
INSERT INTO "QuestionsProfessions" ("ProfessionId", "QuestionId")
VALUES (10, 71);
INSERT INTO "QuestionsProfessions" ("ProfessionId", "QuestionId")
VALUES (13, 72);
INSERT INTO "QuestionsProfessions" ("ProfessionId", "QuestionId")
VALUES (1, 73);
INSERT INTO "QuestionsProfessions" ("ProfessionId", "QuestionId")
VALUES (11, 73);
INSERT INTO "QuestionsProfessions" ("ProfessionId", "QuestionId")
VALUES (2, 74);
INSERT INTO "QuestionsProfessions" ("ProfessionId", "QuestionId")
VALUES (14, 74);
INSERT INTO "QuestionsProfessions" ("ProfessionId", "QuestionId")
VALUES (7, 75);
INSERT INTO "QuestionsProfessions" ("ProfessionId", "QuestionId")
VALUES (8, 75);
INSERT INTO "QuestionsProfessions" ("ProfessionId", "QuestionId")
VALUES (14, 76);
INSERT INTO "QuestionsProfessions" ("ProfessionId", "QuestionId")
VALUES (15, 76);
INSERT INTO "QuestionsProfessions" ("ProfessionId", "QuestionId")
VALUES (4, 77);
INSERT INTO "QuestionsProfessions" ("ProfessionId", "QuestionId")
VALUES (9, 77);
INSERT INTO "QuestionsProfessions" ("ProfessionId", "QuestionId")
VALUES (12, 77);
INSERT INTO "QuestionsProfessions" ("ProfessionId", "QuestionId")
VALUES (2, 78);
INSERT INTO "QuestionsProfessions" ("ProfessionId", "QuestionId")
VALUES (5, 78);
INSERT INTO "QuestionsProfessions" ("ProfessionId", "QuestionId")
VALUES (1, 79);
INSERT INTO "QuestionsProfessions" ("ProfessionId", "QuestionId")
VALUES (5, 79);
INSERT INTO "QuestionsProfessions" ("ProfessionId", "QuestionId")
VALUES (10, 80);
INSERT INTO "QuestionsProfessions" ("ProfessionId", "QuestionId")
VALUES (11, 80);
INSERT INTO "QuestionsProfessions" ("ProfessionId", "QuestionId")
VALUES (4, 81);
INSERT INTO "QuestionsProfessions" ("ProfessionId", "QuestionId")
VALUES (9, 81);
INSERT INTO "QuestionsProfessions" ("ProfessionId", "QuestionId")
VALUES (4, 82);
INSERT INTO "QuestionsProfessions" ("ProfessionId", "QuestionId")
VALUES (9, 82);
INSERT INTO "QuestionsProfessions" ("ProfessionId", "QuestionId")
VALUES (1, 83);
INSERT INTO "QuestionsProfessions" ("ProfessionId", "QuestionId")
VALUES (15, 83);
INSERT INTO "QuestionsProfessions" ("ProfessionId", "QuestionId")
VALUES (10, 84);
INSERT INTO "QuestionsProfessions" ("ProfessionId", "QuestionId")
VALUES (12, 84);
INSERT INTO "QuestionsProfessions" ("ProfessionId", "QuestionId")
VALUES (7, 85);
INSERT INTO "QuestionsProfessions" ("ProfessionId", "QuestionId")
VALUES (8, 85);
INSERT INTO "QuestionsProfessions" ("ProfessionId", "QuestionId")
VALUES (4, 86);
INSERT INTO "QuestionsProfessions" ("ProfessionId", "QuestionId")
VALUES (6, 86);
INSERT INTO "QuestionsProfessions" ("ProfessionId", "QuestionId")
VALUES (2, 87);
INSERT INTO "QuestionsProfessions" ("ProfessionId", "QuestionId")
VALUES (3, 88);
INSERT INTO "QuestionsProfessions" ("ProfessionId", "QuestionId")
VALUES (13, 89);
INSERT INTO "QuestionsProfessions" ("ProfessionId", "QuestionId")
VALUES (14, 89);
INSERT INTO "QuestionsProfessions" ("ProfessionId", "QuestionId")
VALUES (5, 90);
INSERT INTO "QuestionsProfessions" ("ProfessionId", "QuestionId")
VALUES (13, 90);
INSERT INTO "QuestionsProfessions" ("ProfessionId", "QuestionId")
VALUES (2, 91);
INSERT INTO "QuestionsProfessions" ("ProfessionId", "QuestionId")
VALUES (15, 91);
INSERT INTO "QuestionsProfessions" ("ProfessionId", "QuestionId")
VALUES (11, 92);
INSERT INTO "QuestionsProfessions" ("ProfessionId", "QuestionId")
VALUES (12, 92);
INSERT INTO "QuestionsProfessions" ("ProfessionId", "QuestionId")
VALUES (3, 93);
INSERT INTO "QuestionsProfessions" ("ProfessionId", "QuestionId")
VALUES (6, 94);
INSERT INTO "QuestionsProfessions" ("ProfessionId", "QuestionId")
VALUES (7, 95);
INSERT INTO "QuestionsProfessions" ("ProfessionId", "QuestionId")
VALUES (8, 95);
INSERT INTO "QuestionsProfessions" ("ProfessionId", "QuestionId")
VALUES (1, 96);
INSERT INTO "QuestionsProfessions" ("ProfessionId", "QuestionId")
VALUES (7, 97);
INSERT INTO "QuestionsProfessions" ("ProfessionId", "QuestionId")
VALUES (8, 97);
INSERT INTO "QuestionsProfessions" ("ProfessionId", "QuestionId")
VALUES (9, 98);
INSERT INTO "QuestionsProfessions" ("ProfessionId", "QuestionId")
VALUES (10, 99);
INSERT INTO "QuestionsProfessions" ("ProfessionId", "QuestionId")
VALUES (2, 100);
INSERT INTO "QuestionsProfessions" ("ProfessionId", "QuestionId")
VALUES (11, 100);
INSERT INTO "QuestionsProfessions" ("ProfessionId", "QuestionId")
VALUES (12, 101);
INSERT INTO "QuestionsProfessions" ("ProfessionId", "QuestionId")
VALUES (7, 102);
INSERT INTO "QuestionsProfessions" ("ProfessionId", "QuestionId")
VALUES (8, 102);
INSERT INTO "QuestionsProfessions" ("ProfessionId", "QuestionId")
VALUES (14, 103);
INSERT INTO "QuestionsProfessions" ("ProfessionId", "QuestionId")
VALUES (4, 104);
INSERT INTO "QuestionsProfessions" ("ProfessionId", "QuestionId")
VALUES (6, 104);
INSERT INTO "QuestionsProfessions" ("ProfessionId", "QuestionId")
VALUES (11, 105);
INSERT INTO "QuestionsProfessions" ("ProfessionId", "QuestionId")
VALUES (2, 106);
INSERT INTO "QuestionsProfessions" ("ProfessionId", "QuestionId")
VALUES (11, 106);
INSERT INTO "QuestionsProfessions" ("ProfessionId", "QuestionId")
VALUES (5, 107);
INSERT INTO "QuestionsProfessions" ("ProfessionId", "QuestionId")
VALUES (15, 107);
INSERT INTO "QuestionsProfessions" ("ProfessionId", "QuestionId")
VALUES (3, 108);
INSERT INTO "QuestionsProfessions" ("ProfessionId", "QuestionId")
VALUES (9, 108);
INSERT INTO "QuestionsProfessions" ("ProfessionId", "QuestionId")
VALUES (13, 109);
INSERT INTO "QuestionsProfessions" ("ProfessionId", "QuestionId")
VALUES (1, 110);
INSERT INTO "QuestionsProfessions" ("ProfessionId", "QuestionId")
VALUES (10, 110);
INSERT INTO "QuestionsProfessions" ("ProfessionId", "QuestionId")
VALUES (7, 111);
INSERT INTO "QuestionsProfessions" ("ProfessionId", "QuestionId")
VALUES (8, 111);
INSERT INTO "QuestionsProfessions" ("ProfessionId", "QuestionId")
VALUES (12, 112);
INSERT INTO "QuestionsProfessions" ("ProfessionId", "QuestionId")
VALUES (15, 112);
INSERT INTO "QuestionsProfessions" ("ProfessionId", "QuestionId")
VALUES (14, 113);
INSERT INTO "QuestionsProfessions" ("ProfessionId", "QuestionId")
VALUES (12, 114);
INSERT INTO "QuestionsProfessions" ("ProfessionId", "QuestionId")
VALUES (11, 115);
INSERT INTO "QuestionsProfessions" ("ProfessionId", "QuestionId")
VALUES (10, 116);
INSERT INTO "QuestionsProfessions" ("ProfessionId", "QuestionId")
VALUES (15, 116);
INSERT INTO "QuestionsProfessions" ("ProfessionId", "QuestionId")
VALUES (5, 117);
INSERT INTO "QuestionsProfessions" ("ProfessionId", "QuestionId")
VALUES (13, 118);
INSERT INTO "QuestionsProfessions" ("ProfessionId", "QuestionId")
VALUES (14, 118);
INSERT INTO "QuestionsProfessions" ("ProfessionId", "QuestionId")
VALUES (9, 119);
INSERT INTO "QuestionsProfessions" ("ProfessionId", "QuestionId")
VALUES (12, 120);
INSERT INTO "QuestionsProfessions" ("ProfessionId", "QuestionId")
VALUES (3, 121);
INSERT INTO "QuestionsProfessions" ("ProfessionId", "QuestionId")
VALUES (15, 122);
INSERT INTO "QuestionsProfessions" ("ProfessionId", "QuestionId")
VALUES (2, 123);
INSERT INTO "QuestionsProfessions" ("ProfessionId", "QuestionId")
VALUES (13, 124);
INSERT INTO "QuestionsProfessions" ("ProfessionId", "QuestionId")
VALUES (14, 124);
INSERT INTO "QuestionsProfessions" ("ProfessionId", "QuestionId")
VALUES (5, 125);
INSERT INTO "QuestionsProfessions" ("ProfessionId", "QuestionId")
VALUES (1, 126);
INSERT INTO "QuestionsProfessions" ("ProfessionId", "QuestionId")
VALUES (3, 126);
INSERT INTO "QuestionsProfessions" ("ProfessionId", "QuestionId")
VALUES (5, 127);
INSERT INTO "QuestionsProfessions" ("ProfessionId", "QuestionId")
VALUES (10, 127);
INSERT INTO "QuestionsProfessions" ("ProfessionId", "QuestionId")
VALUES (1, 128);
INSERT INTO "QuestionsProfessions" ("ProfessionId", "QuestionId")
VALUES (3, 128);
INSERT INTO "QuestionsProfessions" ("ProfessionId", "QuestionId")
VALUES (2, 129);
INSERT INTO "QuestionsProfessions" ("ProfessionId", "QuestionId")
VALUES (7, 129);
INSERT INTO "QuestionsProfessions" ("ProfessionId", "QuestionId")
VALUES (8, 129);
INSERT INTO "QuestionsProfessions" ("ProfessionId", "QuestionId")
VALUES (4, 130);
INSERT INTO "QuestionsProfessions" ("ProfessionId", "QuestionId")
VALUES (6, 130);
INSERT INTO "QuestionsProfessions" ("ProfessionId", "QuestionId")
VALUES (4, 131);
INSERT INTO "QuestionsProfessions" ("ProfessionId", "QuestionId")
VALUES (6, 131);
INSERT INTO "QuestionsProfessions" ("ProfessionId", "QuestionId")
VALUES (13, 132);
INSERT INTO "QuestionsProfessions" ("ProfessionId", "QuestionId")
VALUES (14, 132);
INSERT INTO "QuestionsProfessions" ("ProfessionId", "QuestionId")
VALUES (12, 133);
INSERT INTO "QuestionsProfessions" ("ProfessionId", "QuestionId")
VALUES (1, 134);
INSERT INTO "QuestionsProfessions" ("ProfessionId", "QuestionId")
VALUES (2, 134);
INSERT INTO "QuestionsProfessions" ("ProfessionId", "QuestionId")
VALUES (4, 135);
INSERT INTO "QuestionsProfessions" ("ProfessionId", "QuestionId")
VALUES (1, 136);
INSERT INTO "QuestionsProfessions" ("ProfessionId", "QuestionId")
VALUES (2, 136);
INSERT INTO "QuestionsProfessions" ("ProfessionId", "QuestionId")
VALUES (3, 137);
INSERT INTO "QuestionsProfessions" ("ProfessionId", "QuestionId")
VALUES (5, 137);
INSERT INTO "QuestionsProfessions" ("ProfessionId", "QuestionId")
VALUES (11, 138);
INSERT INTO "QuestionsProfessions" ("ProfessionId", "QuestionId")
VALUES (15, 138);
INSERT INTO "QuestionsProfessions" ("ProfessionId", "QuestionId")
VALUES (10, 139);
INSERT INTO "QuestionsProfessions" ("ProfessionId", "QuestionId")
VALUES (15, 139);
INSERT INTO "QuestionsProfessions" ("ProfessionId", "QuestionId")
VALUES (10, 140);
INSERT INTO "QuestionsProfessions" ("ProfessionId", "QuestionId")
VALUES (11, 140);
INSERT INTO "QuestionsProfessions" ("ProfessionId", "QuestionId")
VALUES (1, 141);
INSERT INTO "QuestionsProfessions" ("ProfessionId", "QuestionId")
VALUES (2, 142);
INSERT INTO "QuestionsProfessions" ("ProfessionId", "QuestionId")
VALUES (3, 143);
INSERT INTO "QuestionsProfessions" ("ProfessionId", "QuestionId")
VALUES (9, 144);
INSERT INTO "QuestionsProfessions" ("ProfessionId", "QuestionId")
VALUES (1, 145);
INSERT INTO "QuestionsProfessions" ("ProfessionId", "QuestionId")
VALUES (10, 145);
INSERT INTO "QuestionsProfessions" ("ProfessionId", "QuestionId")
VALUES (3, 146);
INSERT INTO "QuestionsProfessions" ("ProfessionId", "QuestionId")
VALUES (3, 147);
INSERT INTO "QuestionsProfessions" ("ProfessionId", "QuestionId")
VALUES (5, 147);
INSERT INTO "QuestionsProfessions" ("ProfessionId", "QuestionId")
VALUES (12, 148);
INSERT INTO "QuestionsProfessions" ("ProfessionId", "QuestionId")
VALUES (4, 149);
INSERT INTO "QuestionsProfessions" ("ProfessionId", "QuestionId")
VALUES (13, 150);
INSERT INTO "QuestionsProfessions" ("ProfessionId", "QuestionId")
VALUES (14, 150);
INSERT INTO "QuestionsProfessions" ("ProfessionId", "QuestionId")
VALUES (7, 151);
INSERT INTO "QuestionsProfessions" ("ProfessionId", "QuestionId")
VALUES (8, 151);
INSERT INTO "QuestionsProfessions" ("ProfessionId", "QuestionId")
VALUES (15, 152);
INSERT INTO "QuestionsProfessions" ("ProfessionId", "QuestionId")
VALUES (4, 153);
INSERT INTO "QuestionsProfessions" ("ProfessionId", "QuestionId")
VALUES (6, 153);
INSERT INTO "QuestionsProfessions" ("ProfessionId", "QuestionId")
VALUES (3, 154);
INSERT INTO "QuestionsProfessions" ("ProfessionId", "QuestionId")
VALUES (4, 155);
INSERT INTO "QuestionsProfessions" ("ProfessionId", "QuestionId")
VALUES (6, 156);
INSERT INTO "QuestionsProfessions" ("ProfessionId", "QuestionId")
VALUES (3, 157);
INSERT INTO "QuestionsProfessions" ("ProfessionId", "QuestionId")
VALUES (5, 157);
INSERT INTO "QuestionsProfessions" ("ProfessionId", "QuestionId")
VALUES (5, 158);
INSERT INTO "QuestionsProfessions" ("ProfessionId", "QuestionId")
VALUES (1, 159);
INSERT INTO "QuestionsProfessions" ("ProfessionId", "QuestionId")
VALUES (13, 160);
INSERT INTO "QuestionsProfessions" ("ProfessionId", "QuestionId")
VALUES (14, 160);
INSERT INTO "QuestionsProfessions" ("ProfessionId", "QuestionId")
VALUES (9, 161);
INSERT INTO "QuestionsProfessions" ("ProfessionId", "QuestionId")
VALUES (15, 161);
INSERT INTO "QuestionsProfessions" ("ProfessionId", "QuestionId")
VALUES (12, 162);
INSERT INTO "QuestionsProfessions" ("ProfessionId", "QuestionId")
VALUES (9, 163);
INSERT INTO "QuestionsProfessions" ("ProfessionId", "QuestionId")
VALUES (10, 163);
INSERT INTO "QuestionsProfessions" ("ProfessionId", "QuestionId")
VALUES (4, 164);
INSERT INTO "QuestionsProfessions" ("ProfessionId", "QuestionId")
VALUES (6, 164);
INSERT INTO "QuestionsProfessions" ("ProfessionId", "QuestionId")
VALUES (11, 165);
INSERT INTO "QuestionsProfessions" ("ProfessionId", "QuestionId")
VALUES (11, 166);
INSERT INTO "QuestionsProfessions" ("ProfessionId", "QuestionId")
VALUES (7, 167);
INSERT INTO "QuestionsProfessions" ("ProfessionId", "QuestionId")
VALUES (8, 167);
INSERT INTO "QuestionsProfessions" ("ProfessionId", "QuestionId")
VALUES (15, 168);
INSERT INTO "QuestionsProfessions" ("ProfessionId", "QuestionId")
VALUES (6, 169);
INSERT INTO "QuestionsProfessions" ("ProfessionId", "QuestionId")
VALUES (2, 170);
INSERT INTO "QuestionsProfessions" ("ProfessionId", "QuestionId")
VALUES (1, 171);
INSERT INTO "QuestionsProfessions" ("ProfessionId", "QuestionId")
VALUES (2, 171);
INSERT INTO "QuestionsProfessions" ("ProfessionId", "QuestionId")
VALUES (10, 172);
INSERT INTO "QuestionsProfessions" ("ProfessionId", "QuestionId")
VALUES (2, 173);
INSERT INTO "QuestionsProfessions" ("ProfessionId", "QuestionId")
VALUES (11, 173);
INSERT INTO "QuestionsProfessions" ("ProfessionId", "QuestionId")
VALUES (9, 174);
INSERT INTO "QuestionsProfessions" ("ProfessionId", "QuestionId")
VALUES (12, 174);
INSERT INTO "QuestionsProfessions" ("ProfessionId", "QuestionId")
VALUES (7, 175);
INSERT INTO "QuestionsProfessions" ("ProfessionId", "QuestionId")
VALUES (8, 175);
INSERT INTO "QuestionsProfessions" ("ProfessionId", "QuestionId")
VALUES (14, 176);
INSERT INTO "QuestionsProfessions" ("ProfessionId", "QuestionId")
VALUES (13, 177);
INSERT INTO "QuestionsProfessions" ("ProfessionId", "QuestionId")
VALUES (11, 178);
INSERT INTO "QuestionsProfessions" ("ProfessionId", "QuestionId")
VALUES (11, 179);
INSERT INTO "QuestionsProfessions" ("ProfessionId", "QuestionId")
VALUES (6, 180);
INSERT INTO "QuestionsProfessions" ("ProfessionId", "QuestionId")
VALUES (10, 180);
INSERT INTO "QuestionsProfessions" ("ProfessionId", "QuestionId")
VALUES (14, 181);
INSERT INTO "QuestionsProfessions" ("ProfessionId", "QuestionId")
VALUES (2, 182);
INSERT INTO "QuestionsProfessions" ("ProfessionId", "QuestionId")
VALUES (12, 183);
INSERT INTO "QuestionsProfessions" ("ProfessionId", "QuestionId")
VALUES (13, 184);
INSERT INTO "QuestionsProfessions" ("ProfessionId", "QuestionId")
VALUES (5, 185);
INSERT INTO "QuestionsProfessions" ("ProfessionId", "QuestionId")
VALUES (7, 185);
INSERT INTO "QuestionsProfessions" ("ProfessionId", "QuestionId")
VALUES (8, 185);
INSERT INTO "QuestionsProfessions" ("ProfessionId", "QuestionId")
VALUES (11, 186);
INSERT INTO "QuestionsProfessions" ("ProfessionId", "QuestionId")
VALUES (1, 187);
INSERT INTO "QuestionsProfessions" ("ProfessionId", "QuestionId")
VALUES (7, 188);
INSERT INTO "QuestionsProfessions" ("ProfessionId", "QuestionId")
VALUES (8, 188);
INSERT INTO "QuestionsProfessions" ("ProfessionId", "QuestionId")
VALUES (12, 189);
INSERT INTO "QuestionsProfessions" ("ProfessionId", "QuestionId")
VALUES (5, 190);
INSERT INTO "QuestionsProfessions" ("ProfessionId", "QuestionId")
VALUES (14, 191);
INSERT INTO "QuestionsProfessions" ("ProfessionId", "QuestionId")
VALUES (15, 192);
INSERT INTO "QuestionsProfessions" ("ProfessionId", "QuestionId")
VALUES (9, 193);
INSERT INTO "QuestionsProfessions" ("ProfessionId", "QuestionId")
VALUES (4, 194);
INSERT INTO "QuestionsProfessions" ("ProfessionId", "QuestionId")
VALUES (15, 195);
INSERT INTO "QuestionsProfessions" ("ProfessionId", "QuestionId")
VALUES (10, 196);
INSERT INTO "QuestionsProfessions" ("ProfessionId", "QuestionId")
VALUES (9, 197);
INSERT INTO "QuestionsProfessions" ("ProfessionId", "QuestionId")
VALUES (5, 198);
INSERT INTO "QuestionsProfessions" ("ProfessionId", "QuestionId")
VALUES (5, 199);
INSERT INTO "QuestionsProfessions" ("ProfessionId", "QuestionId")
VALUES (12, 199);
INSERT INTO "QuestionsProfessions" ("ProfessionId", "QuestionId")
VALUES (7, 200);
INSERT INTO "QuestionsProfessions" ("ProfessionId", "QuestionId")
VALUES (8, 200);
INSERT INTO "QuestionsProfessions" ("ProfessionId", "QuestionId")
VALUES (13, 201);
INSERT INTO "QuestionsProfessions" ("ProfessionId", "QuestionId")
VALUES (1, 202);
INSERT INTO "QuestionsProfessions" ("ProfessionId", "QuestionId")
VALUES (9, 203);
INSERT INTO "QuestionsProfessions" ("ProfessionId", "QuestionId")
VALUES (14, 204);
INSERT INTO "QuestionsProfessions" ("ProfessionId", "QuestionId")
VALUES (3, 205);
INSERT INTO "QuestionsProfessions" ("ProfessionId", "QuestionId")
VALUES (10, 206);
INSERT INTO "QuestionsProfessions" ("ProfessionId", "QuestionId")
VALUES (4, 207);
INSERT INTO "QuestionsProfessions" ("ProfessionId", "QuestionId")
VALUES (2, 208);
INSERT INTO "QuestionsProfessions" ("ProfessionId", "QuestionId")
VALUES (10, 209);
INSERT INTO "QuestionsProfessions" ("ProfessionId", "QuestionId")
VALUES (12, 210);
INSERT INTO "QuestionsProfessions" ("ProfessionId", "QuestionId")
VALUES (14, 210);
INSERT INTO "QuestionsProfessions" ("ProfessionId", "QuestionId")
VALUES (15, 211);
INSERT INTO "QuestionsProfessions" ("ProfessionId", "QuestionId")
VALUES (6, 212);

INSERT INTO "TrueFalseAnswers" ("TrueFalseAnswerId", "QuestionId", "Value")
VALUES (16, 74, FALSE);
INSERT INTO "TrueFalseAnswers" ("TrueFalseAnswerId", "QuestionId", "Value")
VALUES (17, 77, FALSE);
INSERT INTO "TrueFalseAnswers" ("TrueFalseAnswerId", "QuestionId", "Value")
VALUES (18, 81, TRUE);
INSERT INTO "TrueFalseAnswers" ("TrueFalseAnswerId", "QuestionId", "Value")
VALUES (19, 86, TRUE);
INSERT INTO "TrueFalseAnswers" ("TrueFalseAnswerId", "QuestionId", "Value")
VALUES (20, 91, TRUE);
INSERT INTO "TrueFalseAnswers" ("TrueFalseAnswerId", "QuestionId", "Value")
VALUES (21, 94, TRUE);
INSERT INTO "TrueFalseAnswers" ("TrueFalseAnswerId", "QuestionId", "Value")
VALUES (22, 97, TRUE);
INSERT INTO "TrueFalseAnswers" ("TrueFalseAnswerId", "QuestionId", "Value")
VALUES (23, 101, FALSE);
INSERT INTO "TrueFalseAnswers" ("TrueFalseAnswerId", "QuestionId", "Value")
VALUES (24, 105, TRUE);
INSERT INTO "TrueFalseAnswers" ("TrueFalseAnswerId", "QuestionId", "Value")
VALUES (25, 108, FALSE);
INSERT INTO "TrueFalseAnswers" ("TrueFalseAnswerId", "QuestionId", "Value")
VALUES (26, 111, TRUE);
INSERT INTO "TrueFalseAnswers" ("TrueFalseAnswerId", "QuestionId", "Value")
VALUES (27, 115, TRUE);
INSERT INTO "TrueFalseAnswers" ("TrueFalseAnswerId", "QuestionId", "Value")
VALUES (28, 118, FALSE);
INSERT INTO "TrueFalseAnswers" ("TrueFalseAnswerId", "QuestionId", "Value")
VALUES (29, 122, TRUE);
INSERT INTO "TrueFalseAnswers" ("TrueFalseAnswerId", "QuestionId", "Value")
VALUES (30, 125, TRUE);
INSERT INTO "TrueFalseAnswers" ("TrueFalseAnswerId", "QuestionId", "Value")
VALUES (31, 128, TRUE);
INSERT INTO "TrueFalseAnswers" ("TrueFalseAnswerId", "QuestionId", "Value")
VALUES (32, 132, FALSE);
INSERT INTO "TrueFalseAnswers" ("TrueFalseAnswerId", "QuestionId", "Value")
VALUES (33, 138, FALSE);
INSERT INTO "TrueFalseAnswers" ("TrueFalseAnswerId", "QuestionId", "Value")
VALUES (34, 142, FALSE);
INSERT INTO "TrueFalseAnswers" ("TrueFalseAnswerId", "QuestionId", "Value")
VALUES (35, 146, FALSE);
INSERT INTO "TrueFalseAnswers" ("TrueFalseAnswerId", "QuestionId", "Value")
VALUES (36, 149, TRUE);
INSERT INTO "TrueFalseAnswers" ("TrueFalseAnswerId", "QuestionId", "Value")
VALUES (37, 153, TRUE);
INSERT INTO "TrueFalseAnswers" ("TrueFalseAnswerId", "QuestionId", "Value")
VALUES (38, 156, FALSE);
INSERT INTO "TrueFalseAnswers" ("TrueFalseAnswerId", "QuestionId", "Value")
VALUES (39, 163, TRUE);
INSERT INTO "TrueFalseAnswers" ("TrueFalseAnswerId", "QuestionId", "Value")
VALUES (40, 166, TRUE);
INSERT INTO "TrueFalseAnswers" ("TrueFalseAnswerId", "QuestionId", "Value")
VALUES (42, 170, TRUE);
INSERT INTO "TrueFalseAnswers" ("TrueFalseAnswerId", "QuestionId", "Value")
VALUES (43, 173, TRUE);
INSERT INTO "TrueFalseAnswers" ("TrueFalseAnswerId", "QuestionId", "Value")
VALUES (44, 176, TRUE);
INSERT INTO "TrueFalseAnswers" ("TrueFalseAnswerId", "QuestionId", "Value")
VALUES (45, 179, TRUE);
INSERT INTO "TrueFalseAnswers" ("TrueFalseAnswerId", "QuestionId", "Value")
VALUES (46, 183, TRUE);
INSERT INTO "TrueFalseAnswers" ("TrueFalseAnswerId", "QuestionId", "Value")
VALUES (47, 190, TRUE);
INSERT INTO "TrueFalseAnswers" ("TrueFalseAnswerId", "QuestionId", "Value")
VALUES (48, 194, FALSE);
INSERT INTO "TrueFalseAnswers" ("TrueFalseAnswerId", "QuestionId", "Value")
VALUES (49, 197, TRUE);
INSERT INTO "TrueFalseAnswers" ("TrueFalseAnswerId", "QuestionId", "Value")
VALUES (50, 200, TRUE);
INSERT INTO "TrueFalseAnswers" ("TrueFalseAnswerId", "QuestionId", "Value")
VALUES (51, 204, TRUE);
INSERT INTO "TrueFalseAnswers" ("TrueFalseAnswerId", "QuestionId", "Value")
VALUES (52, 207, FALSE);
INSERT INTO "TrueFalseAnswers" ("TrueFalseAnswerId", "QuestionId", "Value")
VALUES (53, 209, TRUE);

SELECT setval(
    pg_get_serial_sequence('"Courses"', 'CourseId'),
    GREATEST(
        (SELECT MAX("CourseId") FROM "Courses") + 1,
        nextval(pg_get_serial_sequence('"Courses"', 'CourseId'))),
    false);
SELECT setval(
    pg_get_serial_sequence('"GeneralTests"', 'GeneralTestId'),
    GREATEST(
        (SELECT MAX("GeneralTestId") FROM "GeneralTests") + 1,
        nextval(pg_get_serial_sequence('"GeneralTests"', 'GeneralTestId'))),
    false);
SELECT setval(
    pg_get_serial_sequence('"LikertScaleAnswers"', 'LikertScaleAnswerId'),
    GREATEST(
        (SELECT MAX("LikertScaleAnswerId") FROM "LikertScaleAnswers") + 1,
        nextval(pg_get_serial_sequence('"LikertScaleAnswers"', 'LikertScaleAnswerId'))),
    false);
SELECT setval(
    pg_get_serial_sequence('"MastersDegrees"', 'MastersDegreeId'),
    GREATEST(
        (SELECT MAX("MastersDegreeId") FROM "MastersDegrees") + 1,
        nextval(pg_get_serial_sequence('"MastersDegrees"', 'MastersDegreeId'))),
    false);
SELECT setval(
    pg_get_serial_sequence('"Professions"', 'ProfessionId'),
    GREATEST(
        (SELECT MAX("ProfessionId") FROM "Professions") + 1,
        nextval(pg_get_serial_sequence('"Professions"', 'ProfessionId'))),
    false);
SELECT setval(
    pg_get_serial_sequence('"Skills"', 'SkillId'),
    GREATEST(
        (SELECT MAX("SkillId") FROM "Skills") + 1,
        nextval(pg_get_serial_sequence('"Skills"', 'SkillId'))),
    false);
SELECT setval(
    pg_get_serial_sequence('"Tracks"', 'TrackId'),
    GREATEST(
        (SELECT MAX("TrackId") FROM "Tracks") + 1,
        nextval(pg_get_serial_sequence('"Tracks"', 'TrackId'))),
    false);
SELECT setval(
    pg_get_serial_sequence('"UniversityTests"', 'UniversityTestId'),
    GREATEST(
        (SELECT MAX("UniversityTestId") FROM "UniversityTests") + 1,
        nextval(pg_get_serial_sequence('"UniversityTests"', 'UniversityTestId'))),
    false);
SELECT setval(
    pg_get_serial_sequence('"Questions"', 'QuestionId'),
    GREATEST(
        (SELECT MAX("QuestionId") FROM "Questions") + 1,
        nextval(pg_get_serial_sequence('"Questions"', 'QuestionId'))),
    false);
SELECT setval(
    pg_get_serial_sequence('"MultipleChoiceAnswers"', 'MultipleChoiceAnswerId'),
    GREATEST(
        (SELECT MAX("MultipleChoiceAnswerId") FROM "MultipleChoiceAnswers") + 1,
        nextval(pg_get_serial_sequence('"MultipleChoiceAnswers"', 'MultipleChoiceAnswerId'))),
    false);
SELECT setval(
    pg_get_serial_sequence('"TrueFalseAnswers"', 'TrueFalseAnswerId'),
    GREATEST(
        (SELECT MAX("TrueFalseAnswerId") FROM "TrueFalseAnswers") + 1,
        nextval(pg_get_serial_sequence('"TrueFalseAnswers"', 'TrueFalseAnswerId'))),
    false);

INSERT INTO "__EFMigrationsHistory" ("MigrationId", "ProductVersion")
VALUES ('20230706011614_DataSeeding', '7.0.8');

COMMIT;

